/*
bin/console doctrin:schema:drop --full-database --force
bin/console doctrin:schema:update --force
 */

INSERT INTO "tr_ag_fi" ("id_agence_fi", "lb_agenc_fi") VALUES
(1,'Mexique (Mexico) - CONACYT'),
(2,'Allemagne (Germany) - DFG'),
(3,'Brésil (Brazil) - FACEPE'),
(4,'Brésil (Brazil) - FACEPE-FAPESP'),
(5,'Brésil (Brazil) - FAPESP'),
(6,'Luxembourg (Luxembourg) - FNR'),
(7,'Autriche (Austria) - FWF'),
(8,'Japon (Japan) - JST'),
(9,'Taïwan (Taiwan) - MOST'),
(10,'Singapour (Singapore) - NRF'),
(11,'Canada (Canada) - NSERC'),
(12,'Chine (China) - NSFC'),
(13,'Hong-Kong (Hong Kong) - RGC'),
(14,'Suisse (Switzerland) - FNS'),
(15,'Turquie (Turkey) - TUBITAK'),
(16,'Canada (Canada) - FRQSC'),
(17,'Japon (Japan) - MEXT/NSRA'),
(18,'Fédération de Russie (Russian Federation) - RSF');

INSERT INTO "tr_avis_projet" ("cd_avis", "code_avis", "lb_nom_fr", "lb_nom_en", "cd_couleur") VALUES
(2,	'+',	'Favorable',	'Favourable',	'#CCFFCC'),
(1,	'++',	'Très favorable',	'very much in favour',	'#33CC33'),
(4,	'-',	'Défavorable',	'against',	'#FFCCFF'),
(6,	'O',	'Refus',	'rejected',	NULL),
(3,	'=',	'indifférent',	'Indifferent',	'#FFFFFF'),
(5,	'X',	'Conflit',	'Conflict',	'#FF0000');

INSERT INTO "tr_cat_rd" ("id_cat_rd", "lb_categorie") VALUES
(1,'Développement expérimental'),
(2,'Recherche fondamentale'),
(3,'Recherche industrielle');

INSERT INTO "tr_categorie_erc" ("id_cat_erc", "lb_cat_erc") VALUES
(1,'LS - Macromolecular complexes including interactions involving nucleic acids, proteins, lipids and carbohydrates'),
(2,'LS - Biochemistry'),
(3,'LS - DNA synthesis, modification, repair, recombination, degradation'),
(4,'LS - RNA synthesis, processing, modification, degradation'),
(5,'LS - Protein synthesis, modification, turnover'),
(6,'LS - Lipid biology'),
(7,'LS - Glycobiology'),
(8,'LS - Molecular biophysics (e.g. single-molecule approaches, bioenergetics, fluorescence)'),
(9,'LS - Structural biology and its methodologies (e.g. crystallography, cryo-EM, NMR and new technologies)'),
(10,'LS - Molecular mechanisms of signalling pathways'),
(11,'LS - Fundamental aspects of synthetic biology and chemical biology'),
(12,'LS - Molecular genetics, reverse genetics, forward genetics, genome editing'),
(13,'LS - Non-coding RNAs'),
(14,'LS - Quantitative genetics'),
(15,'LS - Genetic epidemiology'),
(16,'LS - Epigenetics and gene regulation'),
(17,'LS - Genomics (e.g. comparative genomics, functional genomics)'),
(18,'LS - Metagenomics'),
(19,'LS - Transcriptomics'),
(20,'LS - Proteomics'),
(21,'LS - Metabolomics'),
(22,'LS - Glycomics/Lipidomics'),
(23,'LS - Bioinformatics'),
(24,'LS - Computational biology'),
(25,'LS - Biostatistics'),
(26,'LS - Systems biology'),
(27,'LS - Morphology and functional imaging of cells and tissues'),
(28,'LS - Cytoskeleton and cell behaviour (e.g. control of cell shape, cell migration and cellular mechanosensing)'),
(29,'LS - Organelle biology and trafficking'),
(30,'LS - Cell junctions, cell adhesion, cell communication and the extracellular matrix'),
(31,'LS - Cell signalling and signal transduction'),
(32,'LS - Cell cycle, division and growth'),
(33,'LS - Cell death (including senescence) and autophagy'),
(34,'LS - Cell differentiation, physiology and dynamics'),
(35,'LS - Developmental genetics in animals and plants'),
(36,'LS - Embryology and pattern formation in animals and plants'),
(37,'LS - Tissue organisation and morphogenesis in animals and plants (including biophysical approaches)'),
(38,'LS - Stem cell biology in development, tissue regeneration and ageing, and fundamental aspects of stem cell-based therapies'),
(39,'LS - Organ physiology and pathophysiology'),
(40,'LS - Comparative physiology and pathophysiology'),
(41,'LS - Molecular aspects of endocrinology'),
(42,'LS - Fundamental mechanisms underlying ageing'),
(43,'LS - Metabolism, biological basis of metabolism-related disorders'),
(44,'LS - Fundamental mechanisms underlying cancer'),
(45,'LS - Fundamental mechanisms underlying cardiovascular diseases'),
(46,'LS - Non-communicable diseases (except for neural/psychiatric and immunity-related diseases)'),
(47,'LS - Neural cell function, communication and signalling, neurotransmission in neuronal and/or glial cells'),
(48,'LS - Systems neuroscience and computational neuroscience (e.g. neural networks, neural modelling)'),
(49,'LS - Neuronal development, plasticity and regeneration'),
(50,'LS - Sensation and perception (e.g. sensory systems, sensory processing, pain)'),
(51,'LS - Neural bases of cognitive processes (e.g. memory, learning, attention)'),
(52,'LS - Neural bases of behaviour (e.g. sleep, consciousness, addiction)'),
(53,'LS - Neurological disorders (e.g. neurodegenerative diseases, seizures)'),
(54,'LS - Psychiatric disorders (e.g. affective and anxiety disorders, autism, psychotic disorders)'),
(55,'LS - Neurotrauma and neurovascular conditions (including injury, blood-brain barrier, stroke, neurorehabilitation)'),
(56,'LS - Innate immunity in animals and plants'),
(57,'LS - Adaptive immunity'),
(58,'LS - Regulation and effector functions of the immune response (e.g. cytokines, interferons and chemokines, inflammation, immune signalling, helper T cells, immunological memory, immunological tolerance, cell-mediated cytotoxicity, complement)'),
(59,'LS - Immunological mechanisms in disease (e.g. autoimmunity, allergy, transplantation immunology, tumour immunology)'),
(60,'LS - Biology of pathogens (e.g. bacteria, viruses, parasites, fungi)'),
(61,'LS - Mechanisms of infection (e.g. transmission, virulence factors, host defences, immunity to pathogens, molecular pathogenesis)'),
(62,'LS - Biological basis of prevention and treatment of infection (e.g. infection natural cycle, reservoirs, vectors, vaccines, antimicrobials)'),
(63,'LS - Infectious diseases in animals and plants'),
(64,'LS - Imaging for medical diagnosis'),
(65,'LS - Genetic tools for medical diagnosis'),
(66,'LS - Other medical technologies for diagnosis and monitoring of diseases'),
(67,'LS - Pharmacology and pharmacogenomics (including drug discovery and design, drug delivery and therapy, toxicology)'),
(68,'LS - Applied gene and cell therapies, regenerative medicine'),
(69,'LS - Radiation therapy'),
(70,'LS - Analgesia and surgery'),
(71,'LS - Epidemiology and public health'),
(72,'LS - Environmental health, occupational medicine'),
(73,'LS - Health services, health care research, medical ethics'),
(74,'LS - Ecosystem and community ecology, macroecology'),
(75,'LS - Biodiversity, conservation biology, conservation genetics'),
(76,'LS - Population biology, population dynamics, population genetics'),
(77,'LS - Evolutionary ecology'),
(78,'LS - Evolutionary genetics'),
(79,'LS - Phylogenetics, systematics, comparative biology'),
(80,'LS - Macroevolution, paleobiology'),
(81,'LS - Coevolution, biological mechanisms and ecology of species interactions (e.g. symbiosis, parasitism, mutualism, food-webs)'),
(82,'LS - Behavioural ecology and evolution'),
(83,'LS - Microbial ecology and evolution'),
(84,'LS - Marine biology and ecology'),
(85,'LS - Applied biotechnology (including transgenic organisms, applied genetics and genomics, biosensors, bioreactors, microbiology, bioactive compounds)'),
(86,'LS - Applied bioengineering, synthetic biology, chemical biology, nanobiotechnology, metabolic engineering, protein and glyco-engineering, tissue engineering, biocatalysis, biomimetics'),
(87,'LS - Applied animal sciences (including animal breeding, veterinary sciences, animal husbandry, animal welfare, aquaculture, fisheries, insect gene drive)'),
(88,'LS - Applied plant sciences (including crop production, plant breeding, agroecology, forestry, soil biology)'),
(89,'LS - Food sciences (including food technology, food safety, nutrition)'),
(90,'LS - Biomass production and utilisation, biofuels'),
(91,'LS - Environmental biotechnology (including bioindicators, bioremediation, biodegradation)'),
(92,'LS - Biohazards (including biological containment, biosafety, biosecurity)'),
(93,'LS - Marine biotechnology (including marine bioproducts, feed resources, genome mining)'),
(94,'PE - Logic and foundations'),
(95,'PE - Algebra'),
(96,'PE - Number theory'),
(97,'PE - Algebraic and complex geometry'),
(98,'PE - Lie groups, Lie algebras'),
(99,'PE - Geometry and Global Analysis'),
(100,'PE - Topology'),
(101,'PE - Analysis'),
(102,'PE - Operator algebras and functional analysis'),
(103,'PE - ODE and dynamical systems'),
(104,'PE - Theoretical aspects of partial differential equations'),
(105,'PE - Mathematical physics'),
(106,'PE - Probability'),
(107,'PE - Statistics'),
(108,'PE - Discrete mathematics and combinatorics'),
(109,'PE - Mathematical aspects of computer science'),
(110,'PE - Numerical analysis'),
(111,'PE - Scientific computing and data processing'),
(112,'PE - Control theory and optimisation'),
(113,'PE - Application of mathematics in sciences'),
(114,'PE - Application of mathematics in industry and society'),
(115,'PE - Fundamental interactions and fields'),
(116,'PE - Particle physics'),
(117,'PE - Nuclear physics'),
(118,'PE - Nuclear astrophysics'),
(119,'PE - Gas and plasma physics'),
(120,'PE - Electromagnetism'),
(121,'PE - Atomic, molecular physics'),
(122,'PE - Ultra-cold atoms and molecules'),
(123,'PE - Optics, non-linear optics and nano-optics'),
(124,'PE - Quantum optics and quantum information'),
(125,'PE - Lasers, ultra-short lasers and laser physics'),
(126,'PE - Relativity'),
(127,'PE - Thermodynamics'),
(128,'PE - Non-linear physics'),
(129,'PE - Metrology and measurement'),
(130,'PE - Statistical physics (gases)'),
(131,'PE - Structure of solids, material growth and characterisation'),
(132,'PE - Mechanical and acoustical properties of condensed matter, Lattice dynamics'),
(133,'PE - Transport properties of condensed matter'),
(134,'PE - Electronic properties of materials, surfaces, interfaces, nanostructures, etc.'),
(135,'PE - Physical properties of semiconductors and insulators'),
(136,'PE - Macroscopic quantum phenomena: superconductivity, superfluidity, etc.'),
(137,'PE - Spintronics'),
(138,'PE - Magnetism and strongly correlated systems'),
(139,'PE - Condensed matter - beam interactions (photons, electrons, etc.)'),
(140,'PE - Nanophysics: nanoelectronics, nanophotonics, nanomagnetism, nanoelectromechanics, etc.'),
(141,'PE - Mesoscopic physics'),
(142,'PE - Molecular electronics'),
(143,'PE - Structure and dynamics of disordered systems: soft matter (gels, colloids, liquid crystals, etc.), liquids, glasses, defects, etc.'),
(144,'PE - Fluid dynamics (physics)'),
(145,'PE - Statistical physics: phase transitions, noise and fluctuations, models of complex systems, etc.'),
(146,'PE - Physics of biological systems'),
(147,'PE - Physical chemistry'),
(148,'PE - Spectroscopic and spectrometric techniques'),
(149,'PE - Molecular architecture and Structure'),
(150,'PE - Surface science and nanostructures'),
(151,'PE - Analytical chemistry'),
(152,'PE - Chemical physics'),
(153,'PE - Chemical instrumentation'),
(154,'PE - Electrochemistry, electrodialysis, microfluidics, sensors'),
(155,'PE - Method development in chemistry'),
(156,'PE - Heterogeneous catalysis'),
(157,'PE - Physical chemistry of biological systems'),
(158,'PE - Chemical reactions: mechanisms, dynamics, kinetics and catalytic reactions'),
(159,'PE - Theoretical and computational chemistry'),
(160,'PE - Radiation and Nuclear chemistry'),
(161,'PE - Photochemistry'),
(162,'PE - Corrosion'),
(163,'PE - Characterisation methods of materials'),
(164,'PE - Environment chemistry'),
(165,'PE - Structural properties of materials'),
(166,'PE - Solid state materials'),
(167,'PE - Surface modification'),
(168,'PE - Thin films'),
(169,'PE - Ionic liquids'),
(170,'PE - New materials: oxides, alloys, composite, organic-inorganic hybrid, nanoparticles'),
(171,'PE - Biomaterials, biomaterials synthesis'),
(172,'PE - Intelligent materials - self assembled materials'),
(173,'PE - Coordination chemistry'),
(174,'PE - Colloid chemistry'),
(175,'PE - Biological chemistry'),
(176,'PE - Chemistry of condensed matter'),
(177,'PE - Homogeneous catalysis'),
(178,'PE - Macromolecular chemistry'),
(179,'PE - Polymer chemistry'),
(180,'PE - Supramolecular chemistry'),
(181,'PE - Organic chemistry'),
(182,'PE - Medicinal chemistry'),
(183,'PE - Computer architecture, pervasive computing, ubiquitous computing'),
(184,'PE - Computer systems, parallel/distributed systems, sensor networks, embedded systems, cyber-physical systems'),
(185,'PE - Software engineering, operating systems, computer languages'),
(186,'PE - Theoretical computer science, formal methods, and quantum computing'),
(187,'PE - Cryptology, security, privacy, quantum cryptography'),
(188,'PE - Algorithms, distributed, parallel and network algorithms, algorithmic game theory'),
(189,'PE - Artificial intelligence, intelligent systems, multi agent systems'),
(190,'PE - Computer graphics, computer vision, multi media, computer games'),
(191,'PE - Human computer interaction and interface, visualisation and natural language processing'),
(192,'PE - Web and information systems, database systems, information retrieval and digital libraries, data fusion'),
(193,'PE - Machine learning, statistical data processing and applications using signal processing (e.g. speech, image, video)'),
(194,'PE - Scientific computing, simulation and modelling tools'),
(195,'PE - Bioinformatics, biocomputing, and DNA and molecular computation'),
(196,'PE - Control engineering'),
(197,'PE - Electrical engineering: power components and/or systems'),
(198,'PE - Simulation engineering and modelling'),
(199,'PE - (Micro- and nano-) systems engineering'),
(200,'PE - (Micro- and nano-) electronic, optoelectronic and photonic components'),
(201,'PE - Communication technology, high-frequency technology'),
(202,'PE - Signal processing'),
(203,'PE - Networks (communication networks, sensor networks, networks of robots, etc.)'),
(204,'PE - Man-machine interfaces'),
(205,'PE - Robotics'),
(206,'PE - Components and systems for applications (in e.g. medicine, biology, environment)'),
(207,'PE - Electrical energy production, distribution, application'),
(208,'PE - Aerospace engineering'),
(209,'PE - Chemical engineering, technical chemistry'),
(210,'PE - Civil engineering, architecture, maritime/hydraulic engineering, geotechnics, waste treatment'),
(211,'PE - Computational engineering'),
(212,'PE - Fluid mechanics, hydraulic-, turbo-, and piston- engines'),
(213,'PE - Energy processes engineering'),
(214,'PE - Mechanical and manufacturing engineering (shaping, mounting, joining, separation)'),
(215,'PE - Materials engineering (biomaterials, metals, ceramics, polymers, composites, etc.)'),
(216,'PE - Production technology, process engineering'),
(217,'PE - Industrial design (product design, ergonomics, man-machine interfaces, etc.)'),
(218,'PE - Sustainable design (for recycling, for environment, eco-design)'),
(219,'PE - Lightweight construction, textile technology'),
(220,'PE - Industrial bioengineering'),
(221,'PE - Solar and interplanetary physics'),
(222,'PE - Planetary systems sciences'),
(223,'PE - Interstellar medium'),
(224,'PE - Formation of stars and planets'),
(225,'PE - Astrobiology'),
(226,'PE - Stars and stellar systems'),
(227,'PE - The Galaxy'),
(228,'PE - Formation and evolution of galaxies'),
(229,'PE - Clusters of galaxies and large scale structures'),
(230,'PE - High energy and particles astronomy - X-rays, cosmic rays, gamma rays, neutrinos'),
(231,'PE - Relativistic astrophysics'),
(232,'PE - Dark matter, dark energy'),
(233,'PE - Gravitational astronomy'),
(234,'PE - Cosmology'),
(235,'PE - Space Sciences'),
(236,'PE - Very large data bases: archiving, handling and analysis'),
(237,'PE - Instrumentation - telescopes, detectors and techniques'),
(238,'PE - Atmospheric chemistry, atmospheric composition, air pollution'),
(239,'PE - Meteorology, atmospheric physics and dynamics'),
(240,'PE - Climatology and climate change'),
(241,'PE - Terrestrial ecology, land cover change'),
(242,'PE - Geology, tectonics, volcanology'),
(243,'PE - Palaeoclimatology, palaeoecology'),
(244,'PE - Physics of earth’s interior, seismology, volcanology'),
(245,'PE - Oceanography (physical, chemical, biological, geological)'),
(246,'PE - Biogeochemistry, biogeochemical cycles, environmental chemistry'),
(247,'PE - Mineralogy, petrology, igneous petrology, metamorphic petrology'),
(248,'PE - Geochemistry, crystal chemistry, isotope geochemistry, thermodynamics'),
(249,'PE - Sedimentology, soil science, palaeontology, earth evolution'),
(250,'PE - Physical geography'),
(251,'PE - Earth observations from space/remote sensing'),
(252,'PE - Geomagnetism, palaeomagnetism'),
(253,'PE - Ozone, upper atmosphere, ionosphere'),
(254,'PE - Hydrology, water and soil pollution'),
(255,'PE - Cryosphere, dynamics of snow and ice cover, sea ice, permafrosts and ice sheets'),
(256,'SH - Macroeconomics; monetary economics; economic growth'),
(257,'SH - International management; international trade; international business; spatial economics'),
(258,'SH - Development economics, health economics, education economics'),
(259,'SH - Financial economics; banking; corporate finance; international finance; accounting; auditing; insurance'),
(260,'SH - Labour and demographic economics; human resource management'),
(261,'SH - Econometrics; operations research'),
(262,'SH - Behavioural economics; experimental economics; neuro-economics'),
(263,'SH - Microeconomics; game theory'),
(264,'SH - Industrial organisation; strategy; entrepreneurship'),
(265,'SH - Management; marketing; organisational behaviour; operations management'),
(266,'SH - Technological change, innovation, research & development'),
(267,'SH - Agricultural economics; energy economics; environmental economics'),
(268,'SH - Public economics; political economics; law and economics'),
(269,'SH - Competition law, contract law, trade law, Intellectual Property Rights'),
(270,'SH - Quantitative economic history and history of economics; institutional economics; economic systems'),
(271,'SH - Political systems, governance'),
(272,'SH - Democratisation and social movements'),
(273,'SH - Conflict resolution, war, peace building'),
(274,'SH - Constitutions, human rights, comparative law, humanitarian law, anti-discrimination law'),
(275,'SH - International relations, global and transnational governance'),
(276,'SH - Sustainability sciences, environment and resources'),
(277,'SH - Environmental and climate change, societal impact and policy'),
(278,'SH - Energy, transportation and mobility'),
(279,'SH - Urban, regional and rural studies'),
(280,'SH - Land use and regional planning'),
(281,'SH - Human, economic and social geography'),
(282,'SH - GIS, spatial analysis; big data in political, geographical and legal studies'),
(283,'SH - Social structure, social mobility'),
(284,'SH - Inequalities, discrimination, prejudice, aggression and violence, antisocial behaviour'),
(285,'SH - Social integration, exclusion, prosocial behaviour'),
(286,'SH - Attitudes and beliefs'),
(287,'SH - Social influence; power and group behaviour'),
(288,'SH - Kinship; diversity and identities, gender, interethnic relations'),
(289,'SH - Social policies, welfare'),
(290,'SH - Population dynamics; households, family and fertility'),
(291,'SH - Health, ageing and society'),
(292,'SH - Religious studies, ritual; symbolic representation'),
(293,'SH - Social aspects of learning, curriculum studies, educational policies'),
(294,'SH - Communication and information, networks, media'),
(295,'SH - Digital social research'),
(296,'SH - Science and technology studies'),
(297,'SH - Cognitive basis of human development and education, developmental disorders; comparative cognition'),
(298,'SH - Personality and social cognition; emotion'),
(299,'SH - Clinical and health psychology'),
(300,'SH - Neuropsychology'),
(301,'SH - Attention, perception, action, consciousness'),
(302,'SH - Learning, memory; cognition in ageing'),
(303,'SH - Reasoning, decision-making; intelligence'),
(304,'SH - Language learning and processing (first and second languages)'),
(305,'SH - Theoretical linguistics; computational linguistics'),
(306,'SH - Language typology; historical linguistics'),
(307,'SH - Pragmatics, sociolinguistics, linguistic anthropology, discourse analysis'),
(308,'SH - Philosophy of mind, philosophy of language'),
(309,'SH - Philosophy of science, epistemology, logic'),
(310,'SH - Classics, ancient literature and art'),
(311,'SH - Theory and history of literature, comparative literature'),
(312,'SH - Philology and palaeography'),
(313,'SH - Visual and performing arts, film, design'),
(314,'SH - Music and musicology; history of music'),
(315,'SH - History of art and architecture, arts-based research'),
(316,'SH - Museums, exhibitions, conservation and restoration'),
(317,'SH - Cultural studies, cultural identities and memories, cultural heritage'),
(318,'SH - Metaphysics, philosophical anthropology; aesthetics'),
(319,'SH - Ethics; social and political philosophy'),
(320,'SH - History of philosophy'),
(321,'SH - Computational modelling and digitisation in the cultural sphere'),
(322,'SH - Historiography, theory and methods in history, including the analysis of digital data'),
(323,'SH - Classical archaeology, history of archaeology'),
(324,'SH - General archaeology, archaeometry, landscape archaeology'),
(325,'SH - Prehistory, palaeoanthropology, palaeodemography, protohistory'),
(326,'SH - Ancient history'),
(327,'SH - Medieval history'),
(328,'SH - Early modern history'),
(329,'SH - Modern and contemporary history'),
(330,'SH - Colonial and post-colonial history'),
(331,'SH - Global history, transnational history, comparative history, entangled histories'),
(332,'SH - Social and economic history'),
(333,'SH - Gender history; cultural history; history of collective identities and memories'),
(334,'SH - History of ideas, intellectual history, history of economic thought'),
(335,'SH - History of science, medicine and technologies');

INSERT INTO public.tr_disc_erc (id_disc_erc, id_cat_erc, lb_disc_erc) VALUES
 (1, 1, 'LS01_01 - Macromolecular complexes including interactions involving nucleic acids, proteins, lipids and carbohydrates'),
(2, 1, 'LS01_02 - Biochemistry'),
(3, 1, 'LS01_03 - DNA synthesis, modification, repair, recombination, degradation'),
(4, 1, 'LS01_04 - RNA synthesis, processing, modification, degradation'),
(5, 1, 'LS01_05 - Protein synthesis, modification, turnover'),
(6, 1, 'LS01_06 - Lipid biology'),
(7, 1, 'LS01_07 - Glycobiology'),
(8, 1, 'LS01_08 - Molecular biophysics (e.g. single-molecule approaches, bioenergetics, fluorescence)'),
(9, 1, 'LS01_09 - Structural biology and its methodologies (e.g. crystallography, cryo-EM, NMR and new technologies)'),
(10, 1, 'LS01_10 - Molecular mechanisms of signalling pathways'),
(11, 1, 'LS01_11 - Fundamental aspects of synthetic biology and chemical biology'),
(12, 2, 'LS02_01 - Molecular genetics, reverse genetics, forward genetics, genome editing'),
(13, 2, 'LS02_02 - Non-coding RNAs'),
(14, 2, 'LS02_03 - Quantitative genetics'),
(15, 2, 'LS02_04 - Genetic epidemiology'),
(16, 2, 'LS02_05 - Epigenetics and gene regulation'),
(17, 2, 'LS02_06 - Genomics (e.g. comparative genomics, functional genomics)'),
(18, 2, 'LS02_07 - Metagenomics'),
(19, 2, 'LS02_08 - Transcriptomics'),
(20, 2, 'LS02_09 - Proteomics'),
(21, 2, 'LS02_10 - Metabolomics'),
(22, 2, 'LS02_11 - Glycomics/Lipidomics'),
(23, 2, 'LS02_12 - Bioinformatics'),
(24, 2, 'LS02_13 - Computational biology'),
(25, 2, 'LS02_14 - Biostatistics'),
(26, 2, 'LS02_15 - Systems biology'),
(27, 3, 'LS03_01 - Morphology and functional imaging of cells and tissues'),
(28, 3, 'LS03_02 - Cytoskeleton and cell behaviour (e.g. control of cell shape, cell migration and cellular mechanosensing)'),
(29, 3, 'LS03_03 - Organelle biology and trafficking'),
(30, 3, 'LS03_04 - Cell junctions, cell adhesion, cell communication and the extracellular matrix'),
(31, 3, 'LS03_05 - Cell signalling and signal transduction'),
(32, 3, 'LS03_06 - Cell cycle, division and growth'),
(33, 3, 'LS03_07 - Cell death (including senescence) and autophagy'),
(34, 3, 'LS03_08 - Cell differentiation, physiology and dynamics'),
(35, 3, 'LS03_09 - Developmental genetics in animals and plants'),
(36, 3, 'LS03_10 - Embryology and pattern formation in animals and plants'),
(37, 3, 'LS03_11 - Tissue organisation and morphogenesis in animals and plants (including biophysical approaches)'),
(38, 3, 'LS03_12 - Stem cell biology in development, tissue regeneration and ageing, and fundamental aspects of stem cell-based therapies'),
(39, 4, 'LS04_01 - Organ physiology and pathophysiology'),
(40, 4, 'LS04_02 - Comparative physiology and pathophysiology'),
(41, 4, 'LS04_03 - Molecular aspects of endocrinology'),
(42, 4, 'LS04_04 - Fundamental mechanisms underlying ageing'),
(43, 4, 'LS04_05 - Metabolism, biological basis of metabolism-related disorders'),
(44, 4, 'LS04_06 - Fundamental mechanisms underlying cancer'),
(45, 4, 'LS04_07 - Fundamental mechanisms underlying cardiovascular diseases'),
(46, 4, 'LS04_08 - Non-communicable diseases (except for neural/psychiatric and immunity-related diseases)'),
(47, 5, 'LS05_01 - Neural cell function, communication and signalling, neurotransmission in neuronal and/or glial cells'),
(48, 5, 'LS05_02 - Systems neuroscience and computational neuroscience (e.g. neural networks, neural modelling)'),
(49, 5, 'LS05_03 - Neuronal development, plasticity and regeneration'),
(50, 5, 'LS05_04 - Sensation and perception (e.g. sensory systems, sensory processing, pain)'),
(51, 5, 'LS05_05 - Neural bases of cognitive processes (e.g. memory, learning, attention)'),
(52, 5, 'LS05_06 - Neural bases of behaviour (e.g. sleep, consciousness, addiction)'),
(53, 5, 'LS05_07 - Neurological disorders (e.g. neurodegenerative diseases, seizures)'),
(54, 5, 'LS05_08 - Psychiatric disorders (e.g. affective and anxiety disorders, autism, psychotic disorders)'),
(55, 5, 'LS05_09 - Neurotrauma and neurovascular conditions (including injury, blood-brain barrier, stroke, neurorehabilitation)'),
(56, 6, 'LS06_01 - Innate immunity in animals and plants'),
(57, 6, 'LS06_02 - Adaptive immunity'),
(58, 6, 'LS06_03 - Regulation and effector functions of the immune response (e.g. cytokines, interferons and chemokines, inflammation, immune signalling, helper T cells, immunological memory, immunological tolerance, cell-mediated cytotoxicity, complement)'),
(59, 6, 'LS06_04 - Immunological mechanisms in disease (e.g. autoimmunity, allergy, transplantation immunology, tumour immunology)'),
(60, 6, 'LS06_05 - Biology of pathogens (e.g. bacteria, viruses, parasites, fungi)'),
(61, 6, 'LS06_06 - Mechanisms of infection (e.g. transmission, virulence factors, host defences, immunity to pathogens, molecular pathogenesis)'),
(62, 6, 'LS06_07 - Biological basis of prevention and treatment of infection (e.g. infection natural cycle, reservoirs, vectors, vaccines, antimicrobials)'),
(63, 6, 'LS06_08 - Infectious diseases in animals and plants'),
(64, 7, 'LS07_01 - Imaging for medical diagnosis'),
(65, 7, 'LS07_02 - Genetic tools for medical diagnosis'),
(66, 7, 'LS07_03 - Other medical technologies for diagnosis and monitoring of diseases'),
(67, 7, 'LS07_04 - Pharmacology and pharmacogenomics (including drug discovery and design, drug delivery and therapy, toxicology)'),
(68, 7, 'LS07_05 - Applied gene and cell therapies, regenerative medicine'),
(69, 7, 'LS07_06 - Radiation therapy'),
(70, 7, 'LS07_07 - Analgesia and surgery'),
(71, 7, 'LS07_08 - Epidemiology and public health'),
(72, 7, 'LS07_09 - Environmental health, occupational medicine'),
(73, 7, 'LS07_10 - Health services, health care research, medical ethics'),
(74, 8, 'LS08_01 - Ecosystem and community ecology, macroecology'),
(75, 8, 'LS08_02 - Biodiversity, conservation biology, conservation genetics'),
(76, 8, 'LS08_03 - Population biology, population dynamics, population genetics'),
(77, 8, 'LS08_04 - Evolutionary ecology'),
(78, 8, 'LS08_05 - Evolutionary genetics'),
(79, 8, 'LS08_06 - Phylogenetics, systematics, comparative biology'),
(80, 8, 'LS08_07 - Macroevolution, palaeobiology'),
(81, 8, 'LS08_08 - Coevolution, biological mechanisms and ecology of species interactions (e.g. symbiosis, parasitism, mutualism, food-webs)'),
(82, 8, 'LS08_09 - Behavioural ecology and evolution'),
(83, 8, 'LS08_10 - Microbial ecology and evolution'),
(84, 8, 'LS08_11 - Marine biology and ecology'),
(85, 9, 'LS09_01 - Applied biotechnology (including transgenic organisms, applied genetics and genomics, biosensors, bioreactors, microbiology, bioactive compounds)'),
(86, 9, 'LS09_02 - Applied bioengineering, synthetic biology, chemical biology, nanobiotechnology, metabolic engineering, protein and glyco-engineering, tissue engineering, biocatalysis, biomimetics'),
(87, 9, 'LS09_03 - Applied animal sciences (including animal breeding, veterinary sciences, animal husbandry, animal welfare, aquaculture, fisheries, insect gene drive)'),
(88, 9, 'LS09_04 - Applied plant sciences (including crop production, plant breeding, agroecology, forestry, soil biology)'),
(89, 9, 'LS09_05 - Food sciences (including food technology, food safety, nutrition)'),
(90, 9, 'LS09_06 - Biomass production and utilisation, biofuels'),
(91, 9, 'LS09_07 - Environmental biotechnology (including bioindicators, bioremediation, biodegradation)'),
(92, 9, 'LS09_08 - Biohazards (including biological containment, biosafety, biosecurity)'),
(93, 9, 'LS09_09 - Marine biotechnology (including marine bioproducts, feed resources, genome mining)'),
(94, 10, 'PE01_01 - Logic and foundations'),
(95, 10, 'PE01_02 - Algebra'),
(96, 10, 'PE01_03 - Number theory'),
(97, 10, 'PE01_04 - Algebraic and complex geometry'),
(98, 10, 'PE01_05 - Lie groups, Lie algebras'),
(99, 10, 'PE01_06 - Geometry and Global Analysis'),
(100, 10, 'PE01_07 - Topology'),
(101, 10, 'PE01_08 - Analysis'),
(102, 10, 'PE01_09 - Operator algebras and functional analysis'),
(103, 10, 'PE01_10 - ODE and dynamical systems'),
(104, 10, 'PE01_11 - Theoretical aspects of partial differential equations'),
(105, 10, 'PE01_12 - Mathematical physics'),
(106, 10, 'PE01_13 - Probability'),
(107, 10, 'PE01_14 - Statistics'),
(108, 10, 'PE01_15 - Discrete mathematics and combinatorics'),
(109, 10, 'PE01_16 - Mathematical aspects of computer science'),
(110, 10, 'PE01_17 - Numerical analysis'),
(111, 10, 'PE01_18 - Scientific computing and data processing'),
(112, 10, 'PE01_19 - Control theory and optimisation'),
(113, 10, 'PE01_20 - Application of mathematics in sciences'),
(114, 10, 'PE01_21 - Application of mathematics in industry and society'),
(115, 11, 'PE02_01 - Fundamental interactions and fields'),
(116, 11, 'PE02_02 - Particle physics'),
(117, 11, 'PE02_03 - Nuclear physics'),
(118, 11, 'PE02_04 - Nuclear astrophysics'),
(119, 11, 'PE02_05 - Gas and plasma physics'),
(120, 11, 'PE02_06 - Electromagnetism'),
(121, 11, 'PE02_07 - Atomic, molecular physics'),
(122, 11, 'PE02_08 - Ultra-cold atoms and molecules'),
(123, 11, 'PE02_09 - Optics, non-linear optics and nano-optics'),
(124, 11, 'PE02_10 - Quantum optics and quantum information'),
(125, 11, 'PE02_11 - Lasers, ultra-short lasers and laser physics'),
(126, 11, 'PE02_12 - Relativity'),
(127, 11, 'PE02_13 - Thermodynamics'),
(128, 11, 'PE02_14 - Non-linear physics'),
(129, 11, 'PE02_15 - Metrology and measurement'),
(130, 11, 'PE02_16 - Statistical physics (gases)'),
(131, 12, 'PE03_01 - Structure of solids, material growth and characterisation'),
(132, 12, 'PE03_02 - Mechanical and acoustical properties of condensed matter, Lattice dynamics'),
(133, 12, 'PE03_03 - Transport properties of condensed matter'),
(134, 12, 'PE03_04 - Electronic properties of materials, surfaces, interfaces, nanostructures, etc.'),
(135, 12, 'PE03_05 - Physical properties of semiconductors and insulators'),
(136, 12, 'PE03_06 - Macroscopic quantum phenomena: superconductivity, superfluidity, etc.'),
(137, 12, 'PE03_07 - Spintronics'),
(138, 12, 'PE03_08 - Magnetism and strongly correlated systems'),
(139, 12, 'PE03_09 - Condensed matter – beam interactions (photons, electrons, etc.)'),
(140, 12, 'PE03_10 - Nanophysics: nanoelectronics, nanophotonics, nanomagnetism, nanoelectromechanics, etc.'),
(141, 12, 'PE03_11 - Mesoscopic physics'),
(142, 12, 'PE03_12 - Molecular electronics'),
(143, 12, 'PE03_13 - Structure and dynamics of disordered systems: soft matter (gels, colloids, liquid crystals, etc.), liquids, glasses, defects, etc.'),
(144, 12, 'PE03_14 - Fluid dynamics (physics)'),
(145, 12, 'PE03_15 - Statistical physics: phase transitions, noise and fluctuations, models of complex systems, etc.'),
(146, 12, 'PE03_16 - Physics of biological systems'),
(147, 13, 'PE04_01 - Physical chemistry'),
(148, 13, 'PE04_02 - Spectroscopic and spectrometric techniques'),
(149, 13, 'PE04_03 - Molecular architecture and Structure'),
(150, 13, 'PE04_04 - Surface science and nanostructures'),
(151, 13, 'PE04_05 - Analytical chemistry'),
(152, 13, 'PE04_06 - Chemical physics'),
(153, 13, 'PE04_07 - Chemical instrumentation'),
(154, 13, 'PE04_08 - Electrochemistry, electrodialysis, microfluidics, sensors'),
(155, 13, 'PE04_09 - Method development in chemistry'),
(156, 13, 'PE04_10 - Heterogeneous catalysis'),
(157, 13, 'PE04_11 - Physical chemistry of biological systems'),
(158, 13, 'PE04_12 - Chemical reactions: mechanisms, dynamics, kinetics and catalytic reactions'),
(159, 13, 'PE04_13 - Theoretical and computational chemistry'),
(160, 13, 'PE04_14 - Radiation and Nuclear chemistry'),
(161, 13, 'PE04_15 - Photochemistry'),
(162, 13, 'PE04_16 - Corrosion'),
(163, 13, 'PE04_17 - Characterisation methods of materials'),
(164, 13, 'PE04_18 - Environment chemistry'),
(165, 14, 'PE05_01 - Structural properties of materials'),
(166, 14, 'PE05_02 - Solid state materials'),
(167, 14, 'PE05_03 - Surface modification'),
(168, 14, 'PE05_04 - Thin films'),
(169, 14, 'PE05_05 - Ionic liquids'),
(170, 14, 'PE05_06 - New materials: oxides, alloys, composite, organic-inorganic hybrid, nanoparticles'),
(171, 14, 'PE05_07 - Biomaterials, biomaterials synthesis'),
(172, 14, 'PE05_08 - Intelligent materials – self assembled materials'),
(173, 14, 'PE05_09 - Coordination chemistry'),
(174, 14, 'PE05_10 - Colloid chemistry'),
(175, 14, 'PE05_11 - Biological chemistry'),
(176, 14, 'PE05_12 - Chemistry of condensed matter'),
(177, 14, 'PE05_13 - Homogeneous catalysis'),
(178, 14, 'PE05_14 - Macromolecular chemistry'),
(179, 14, 'PE05_15 - Polymer chemistry'),
(180, 14, 'PE05_16 - Supramolecular chemistry'),
(181, 14, 'PE05_17 - Organic chemistry'),
(182, 14, 'PE05_18 - Medicinal chemistry'),
(183, 15, 'PE06_01 - Computer architecture, pervasive computing, ubiquitous computing'),
(184, 15, 'PE06_02 - Computer systems, parallel/distributed systems, sensor networks, embedded systems, cyber-physical systems'),
(185, 15, 'PE06_03 - Software engineering, operating systems, computer languages'),
(186, 15, 'PE06_04 - Theoretical computer science, formal methods, and quantum computing'),
(187, 15, 'PE06_05 - Cryptology, security, privacy, quantum cryptography'),
(188, 15, 'PE06_06 - Algorithms, distributed, parallel and network algorithms, algorithmic game theory'),
(189, 15, 'PE06_07 - Artificial intelligence, intelligent systems, multi agent systems'),
(190, 15, 'PE06_08 - Computer graphics, computer vision, multi media, computer games'),
(191, 15, 'PE06_09 - Human computer interaction and interface, visualisation and natural language processing'),
(192, 15, 'PE06_10 - Web and information systems, database systems, information retrieval and digital libraries, data fusion'),
(193, 15, 'PE06_11 - Machine learning, statistical data processing and applications using signal processing (e.g. speech, image, video)'),
(194, 15, 'PE06_12 - Scientific computing, simulation and modelling tools'),
(195, 15, 'PE06_13 - Bioinformatics, biocomputing, and DNA and molecular computation'),
(196, 16, 'PE07_01 - Control engineering'),
(197, 16, 'PE07_02 - Electrical engineering: power components and/or systems'),
(198, 16, 'PE07_03 - Simulation engineering and modelling'),
(199, 16, 'PE07_04 - (Micro- and nano-) systems engineering'),
(200, 16, 'PE07_05 - (Micro- and nano-) electronic, optoelectronic and photonic components'),
(201, 16, 'PE07_06 - Communication technology, high-frequency technology'),
(202, 16, 'PE07_07 - Signal processing'),
(203, 16, 'PE07_08 - Networks (communication networks, sensor networks, networks of robots, etc.)'),
(204, 16, 'PE07_09 - Man-machine interfaces'),
(205, 16, 'PE07_10 - Robotics'),
(206, 16, 'PE07_11 - Components and systems for applications (in e.g. medicine, biology, environment)'),
(207, 16, 'PE07_12 - Electrical energy production, distribution, application'),
(208, 17, 'PE08_01 - Aerospace engineering'),
(209, 17, 'PE08_02 - Chemical engineering, technical chemistry'),
(210, 17, 'PE08_03 - Civil engineering, architecture, maritime/hydraulic engineering, geotechnics, waste treatment'),
(211, 17, 'PE08_04 - Computational engineering'),
(212, 17, 'PE08_05 - Fluid mechanics, hydraulic-, turbo-, and piston- engines'),
(213, 17, 'PE08_06 - Energy processes engineering'),
(214, 17, 'PE08_07 - Mechanical and manufacturing engineering (shaping, mounting, joining, separation)'),
(215, 17, 'PE08_08 - Materials engineering (biomaterials, metals, ceramics, polymers, composites, etc.)'),
(216, 17, 'PE08_09 - Production technology, process engineering'),
(217, 17, 'PE08_10 - Industrial design (product design, ergonomics, man-machine interfaces, etc.)'),
(218, 17, 'PE08_11 - Sustainable design (for recycling, for environment, eco-design)'),
(219, 17, 'PE08_12 - Lightweight construction, textile technology'),
(220, 17, 'PE08_13 - Industrial bioengineering'),
(221, 18, 'PE09_01 - Solar and interplanetary physics'),
(222, 18, 'PE09_02 - Planetary systems sciences'),
(223, 18, 'PE09_03 - Interstellar medium'),
(224, 18, 'PE09_04 - Formation of stars and planets'),
(225, 18, 'PE09_05 - Astrobiology'),
(226, 18, 'PE09_06 - Stars and stellar systems'),
(227, 18, 'PE09_07 - The Galaxy'),
(228, 18, 'PE09_08 - Formation and evolution of galaxies'),
(229, 18, 'PE09_09 - Clusters of galaxies and large scale structures'),
(230, 18, 'PE09_10 - High energy and particles astronomy – X-rays, cosmic rays, gamma rays, neutrinos'),
(231, 18, 'PE09_11 - Relativistic astrophysics'),
(232, 18, 'PE09_12 - Dark matter, dark energy'),
(233, 18, 'PE09_13 - Gravitational astronomy'),
(234, 18, 'PE09_14 - Cosmology'),
(235, 18, 'PE09_15 - Space Sciences'),
(236, 18, 'PE09_16 - Very large data bases: archiving, handling and analysis'),
(237, 18, 'PE09_17 - Instrumentation - telescopes, detectors and techniques'),
(238, 19, 'PE10_01 - Atmospheric chemistry, atmospheric composition, air pollution'),
(239, 19, 'PE10_02 - Meteorology, atmospheric physics and dynamics'),
(240, 19, 'PE10_03 - Climatology and climate change'),
(241, 19, 'PE10_04 - Terrestrial ecology, land cover change'),
(242, 19, 'PE10_05 - Geology, tectonics, volcanology'),
(243, 19, 'PE10_06 - Palaeoclimatology, palaeoecology'),
(244, 19, 'PE10_07 - Physics of earth’s interior, seismology, geodynamycs'),
(245, 19, 'PE10_08 - Oceanography (physical, chemical, biological, geological)'),
(246, 19, 'PE10_09 - Biogeochemistry, biogeochemical cycles, environmental chemistry'),
(247, 19, 'PE10_10 - Mineralogy, petrology, igneous petrology, metamorphic petrology'),
(248, 19, 'PE10_11 - Geochemistry, cosmochemistry, crystal chemistry, isotope geochemistry, thermodynamics'),
(249, 19, 'PE10_12 - Sedimentology, soil science, palaeontology, earth evolution'),
(250, 19, 'PE10_13 - Physical geography, geomorphology'),
(251, 19, 'PE10_14 - Earth observations from space/remote sensing'),
(252, 19, 'PE10_15 - Geomagnetism, palaeomagnetism'),
(253, 19, 'PE10_16 - Ozone, upper atmosphere, ionosphere'),
(254, 19, 'PE10_17 - Hydrology, hydrogeology, engineering and environmental geology, water and soil pollution'),
(255, 19, 'PE10_18 - Cryosphere, dynamics of snow and ice cover, sea ice, permafrosts and ice sheets'),
(256, 19, 'PE10_19 - Planetary geology and geophysics'),
(257, 19, 'PE10_20 - Geohazards: earthquakes, landslides, tsunamis and other ground instabilities'),
(258, 20, 'SH01_01 - Macroeconomics; monetary economics; economic growth'),
(259, 20, 'SH01_02 - International management; international trade; international business; spatial economics'),
(260, 20, 'SH01_03 - Development economics, health economics, education economics'),
(261, 20, 'SH01_04 - Financial economics; banking; corporate finance; international finance; accounting; auditing; insurance'),
(262, 20, 'SH01_05 - Labour and demographic economics; human resource management'),
(263, 20, 'SH01_06 - Econometrics; operations research'),
(264, 20, 'SH01_07 - Behavioural economics; experimental economics; neuro-economics'),
(265, 20, 'SH01_08 - Microeconomics; game theory'),
(266, 20, 'SH01_09 - Industrial organisation; strategy; entrepreneurship'),
(267, 20, 'SH01_10 - Management; marketing; organisational behaviour; operations management'),
(268, 20, 'SH01_11 - Technological change, innovation, research & development'),
(269, 20, 'SH01_12 - Agricultural economics; energy economics; environmental economics'),
(270, 20, 'SH01_13 - Public economics; political economics; law and economics'),
(271, 20, 'SH01_14 - Competition law, contract law, trade law, Intellectual Property Rights'),
(272, 20, 'SH01_15 - Quantitative economic history and history of economics; institutional economics; economic systems'),
(273, 21, 'SH02_01 - Political systems, governance'),
(274, 21, 'SH02_02 - Democratisation and social movements'),
(275, 21, 'SH02_03 - Conflict resolution, war, peace building'),
(276, 21, 'SH02_04 - Constitutions, human rights, comparative law, humanitarian law, anti-discrimination law'),
(277, 21, 'SH02_05 - International relations, global and transnational governance'),
(278, 21, 'SH02_06 - Sustainability sciences, environment and resources'),
(279, 21, 'SH02_07 - Environmental and climate change, societal impact and policy'),
(280, 21, 'SH02_08 - Energy, transportation and mobility'),
(281, 21, 'SH02_09 - Urban, regional and rural studies'),
(282, 21, 'SH02_10 - Land use and regional planning'),
(283, 21, 'SH02_11 - Human, economic and social geography'),
(284, 21, 'SH02_12 - GIS, spatial analysis; big data in political, geographical and legal studies'),
(285, 22, 'SH03_01 - Social structure, social mobility'),
(286, 22, 'SH03_02 - Inequalities, discrimination, prejudice, aggression and violence, antisocial behaviour'),
(287, 22, 'SH03_03 - Social integration, exclusion, prosocial behaviour'),
(288, 22, 'SH03_04 - Attitudes and beliefs'),
(289, 22, 'SH03_05 - Social influence; power and group behaviour'),
(290, 22, 'SH03_06 - Kinship; diversity and identities, gender, interethnic relations'),
(291, 22, 'SH03_07 - Social policies, welfare'),
(292, 22, 'SH03_08 - Population dynamics; households, family and fertility'),
(293, 22, 'SH03_09 - Health, ageing and society'),
(294, 22, 'SH03_10 - Religious studies, ritual; symbolic representation'),
(295, 22, 'SH03_11 - Social aspects of learning, curriculum studies, educational policies'),
(296, 22, 'SH03_12 - Communication and information, networks, media'),
(297, 22, 'SH03_13 - Digital social research'),
(298, 22, 'SH03_14 - Science and technology studies'),
(299, 23, 'SH04_01 - Cognitive basis of human development and education, developmental disorders; comparative cognition'),
(300, 23, 'SH04_02 - Personality and social cognition; emotion'),
(301, 23, 'SH04_03 - Clinical and health psychology'),
(302, 23, 'SH04_04 - Neuropsychology'),
(303, 23, 'SH04_05 - Attention, perception, action, consciousness'),
(304, 23, 'SH04_06 - Learning, memory; cognition in ageing'),
(305, 23, 'SH04_07 - Reasoning, decision-making; intelligence'),
(306, 23, 'SH04_08 - Language learning and processing (first and second languages)'),
(307, 23, 'SH04_09 - Theoretical linguistics; computational linguistics'),
(308, 23, 'SH04_10 - Language typology; historical linguistics'),
(309, 23, 'SH04_11 - Pragmatics, sociolinguistics, linguistic anthropology, discourse analysis'),
(310, 23, 'SH04_12 - Philosophy of mind, philosophy of language'),
(311, 23, 'SH04_13 - Philosophy of science, epistemology, logic'),
(312, 24, 'SH05_01 - Classics, ancient literature and art'),
(313, 24, 'SH05_02 - Theory and history of literature, comparative literature'),
(314, 24, 'SH05_03 - Philology and palaeography'),
(315, 24, 'SH05_04 - Visual and performing arts, film, design'),
(316, 24, 'SH05_05 - Music and musicology; history of music'),
(317, 24, 'SH05_06 - History of art and architecture, arts-based research'),
(318, 24, 'SH05_07 - Museums, exhibitions, conservation and restoration'),
(319, 24, 'SH05_08 - Cultural studies, cultural identities and memories, cultural heritage'),
(320, 24, 'SH05_09 - Metaphysics, philosophical anthropology; aesthetics'),
(321, 24, 'SH05_10 - Ethics; social and political philosophy'),
(322, 24, 'SH05_11 - History of philosophy'),
(323, 24, 'SH05_12 - Computational modelling and digitisation in the cultural sphere'),
(324, 25, 'SH06_01 - Historiography, theory and methods in history, including the analysis of digital data'),
(325, 25, 'SH06_02 - Classical archaeology, history of archaeology'),
(326, 25, 'SH06_03 - General archaeology, archaeometry, landscape archaeology'),
(327, 25, 'SH06_04 - Prehistory, palaeoanthropology, palaeodemography, protohistory'),
(328, 25, 'SH06_05 - Ancient history'),
(329, 25, 'SH06_06 - Medieval history'),
(330, 25, 'SH06_07 - Early modern history'),
(331, 25, 'SH06_08 - Modern and contemporary history'),
(332, 25, 'SH06_09 - Colonial and post-colonial history'),
(333, 25, 'SH06_10 - Global history, transnational history, comparative history, entangled histories'),
(334, 25, 'SH06_11 - Social and economic history'),
(335, 25, 'SH06_12 - Gender history; cultural history; history of collective identities and memories'),
(336, 25, 'SH06_13 - History of ideas, intellectual history, history of economic thought'),
(337, 25, 'SH06_14 - History of science, medicine and technologies');

INSERT INTO public.tr_cat_modele (id_cat_modele, lb_nom_fr, lb_nom_en) VALUES
(1, 'Rappel de clôture d''un AAP', 'Rappel de clôture d''un AAP'),
(2, 'Mail de clôture de soumission d''un AAP, projet sou', 'Mail de clôture de soumission d''un AAP, projet sou'),
(3, 'Mail de clôture de soumission d''un AAP, projet non', 'Mail de clôture de soumission d''un AAP, projet non'),
(4, 'Mail d''invitation à participer à un CE', 'Mail d''invitation à participer à un CE'),
(5, 'Mail de convocation à une réunion du CE', 'Mail de convocation à une réunion du CE'),
(6, 'Mail de remerciement aux membres du CE', 'Mail de remerciement aux membres du CE'),
(7, 'Mail de sollicitation aux experts', 'Mail de sollicitation aux experts'),
(8, 'Mail de relance aux experts', 'Mail de relance aux experts'),
(9, 'Mail de notification de l''acception d''une expertis', 'Mail de notification de l''acception d''une expertis'),
(10, 'Accusé de réception de rendu de l''expertise', 'Accusé de réception de rendu de l''expertise'),
(11, 'Mail de remerciement aux experts', 'Mail de remerciement aux experts'),
(12, 'Mail de notification aux porteurs de la liste prin', 'Mail de notification aux porteurs de la liste prin'),
(13, 'Mail de notification aux porteurs de la liste comp', 'Mail de notification aux porteurs de la liste comp'),
(14, 'Mail de notification aux porteurs de projets non r', 'Mail de notification aux porteurs de projets non r'),
(15, 'Mail d''envoi de l''acte attributif (Convention)', 'Mail d''envoi de l''acte attributif (Convention)'),
(16, 'Mail de finalisation du dossier', 'Mail de finalisation du dossier'),
(17, 'Mail de relance 1', 'Mail de relance 1'),
(18, 'Mail de relance 2', 'Mail de relance 2'),
(19, 'Mail de relance 3', 'Mail de relance 3'),
(20, 'Rappel pour l''acte attributif (Convention)', 'Rappel pour l''acte attributif (Convention)'),
(21, 'Mail de refus du document administratif', 'Mail de refus du document administratif'),
(22, 'Mail de refus du document scientifico-financier', 'Mail de refus du document scientifico-financier'),
(23, 'Mail de refus du document scientifique', 'Mail de refus du document scientifique'),
(24, 'Relance pour l''acte attributif (Convention)', 'Relance pour l''acte attributif (Convention)'),
(25, 'Mail d''information de la validation d''une prolonga', 'Mail d''information de la validation d''une prolonga'),
(26, 'Mail d''information de modification du calendrier d', 'Mail d''information de modification du calendrier d');

INSERT INTO public.tr_cat_balise (id_cat_balise, lb_nom_fr, lb_nom_en) VALUES
 (1, 'Destinataire', 'recipient'),
 (2, 'ANR', 'ANR'),
 (3, 'CPS', 'CPS'),
 (4, 'CPS/RS', 'CPS/RS'),
 (5, 'Appel', 'Call'),
 (6, 'Coordinateur', 'coordinator'),
 (7, 'Projet', 'Project'),
 (8, 'Comité', 'committee'),
 (9, 'Expertise', 'Expert'),
 (10, 'Technique', 'Technical');

INSERT INTO "tr_choix_dispo_expert" ("id_choix_expert", "lb_nom_en", "nb_ordre", "lb_nom_fr") VALUES
('2',	'No, I am not available but may be another time',	2,	'Non, je ne suis pas disponible à cette période'),
('3',	'No, I do not want to be an external reviewer for the ANR',	3,	'Non, je ne souhaite pas évaluer pour l''ANR'),
('1',	'Yes, I am available',	1,	'Oui, je suis disponible');

INSERT INTO "tr_civilite" ("id_civilite", "civilite_longue", "civilite_court") VALUES
(1,	'Monsieur',	'M'),
(2,	'Madame',	'Mme'),
(3,	'mademoiselle',	'Mlle');

INSERT INTO "tr_classe_formulaire" ("id_classe_formulaire", "lb_nom") VALUES
(1,	'Soumission'),
(2,	'Grille R'),
(3,	'Grille L'),
(4,	'Grille Expert'),
(5,	'Rebuttal'),
(6,	'Rapport final');

INSERT INTO "tr_co_fi" ("id_co_fi", "lb_co_fi") VALUES
(1,'Agence française pour la biodiversité (AFB)'),
(2,'Société APISGENE (APISGENE)'),
(3,'Caisse Nationale de Solidarité pour l''Autonomie (CNSA)'),
(4,'Direction Générale de l''Armement (DGA)'),
(5,'Direction Générale de l''Offre de Soins (DGOS)'),
(6,'Ministère de l’environnement, de l’énergie et de la mer (MEEM)'),
(7,'Ministère de l''Agriculture, de l''Agroalimentaire et de la Forêt (MAAF)'),
(8,'Secrétariat Général de la Défense et de la Sécurité Nationale (SGDSN)'),
(9,'Ministère de la transition écologique et solidaire (MTES)'),
(10,'Ministère de l’agriculture et de l’alimentation (MAA)');

INSERT INTO "tr_departement" ("id_departement", "lb_court", "lb_long") VALUES
(1,	'NuMa',	'Numérique et mathématiques'),
(2,	'SPICE',	'Sciences physiques,ingénierie,chimie,énergie'),
(3,	'BS',	'Biologie Santé'),
(4,	'SHS',	'Sciences humaines et sociales'),
(5,	'EERB',	'Environnements,écosystèmes,ressources biologiques');

INSERT INTO "tr_dispo_comite" ("id_choix", "lb_nom", "nb_ordre") VALUES
('1',	'Oui, selon mes disponibilités',	1),
('2',	'Non, je préfére rester expert indépendant',	2),
('3',	'Non, je ne souhaite pas évaluer pour l''ANR',	3);

INSERT INTO "tr_etat_sol" ("cd_etat_sollicitation", "lb_etat_sollicitation") VALUES
(1,	'Impossible'),
(2,	'Contrainte/Refus'),
(3,	'Neutre'),
(4,	'A contacter'),
(5,	'Contacté'),
(6,	'Accepté');

INSERT INTO "tr_fonction" ("id_fonction", "lb_nom_fr", "lb_nom_en") VALUES
(4,'Chargé de recherche','Research Fellow '),
(5,'Directeur de recherche','Senior Research Fellow '),
(1,'Doctorant postdoctorant','PhD Student PhD '),
(2,'Enseignant-chercheur/maître de conférence','Lecturer '),
(3,'Enseignant-chercheur/professeur','Professor '),
(6,'Ingénieur (EPIC entreprise)','Engineer '),
(9,'Ingénieur de recherche (EPST)','Research engineer '),
(7,'ITA IATOS technicien','Technician '),
(10,'Professeur émérite','Professor Emeritus'),
(11,'Chercheur émérite','Researcher Emeritus'),
(8,'Autre','Other');


INSERT INTO "tr_genre" ("id_genre", "cd_genre", "lb_long") VALUES
(1,	'H',	'Homme'),
(2,	'F',	'Femme'),
(3,	'A',	'Autre'),
(4,	'NC',	'Ne se prononce pas');

INSERT INTO "tr_inf_rech" ("id_inf_rech", "lb_inf_rech", "lb_nom_long") VALUES
(1,'[IR] ACTRIS - France',''),
(2,'[IR] ANAEE - France Natura','Analyses et Expérimentations sur les Ecosystèmes – France Natura'),
(3,'[IR] APOLLON','Laboratoire d''Utilisation des Lasers Intenses'),
(4,'[IR] CCIN2P3','Centre de Calcul de l''IN2P3 / CNRS'),
(5,'[IR] CDS','Centre de Données astronomiques de Strasbourg'),
(6,'[IR] CELPHEDIA','Infrastructure Nationale pour la création, l''élevage, le phénotypage, la distribution et l''archivage d''organismes modèles'),
(99,'[IR] CHEMBIOFRANCE','ChemBioFrance, small molecules for health and research'),
(7,'[IR] ClimERI-FR','Infrastructure nationale de modélisation du système climatique de la Terre / Earth''s Climate system Modelling '),
(8,'[IR] COLLEX PERSEE','Collections d''excellence pour la Recherche - Persée'),
(9,'[IR] CONSTANCES','Cohorte des consultants des Centres d''examens de santé'),
(10,'[IR] DUNE','Deep Underground Neutrino Experiment – Long-baseline Neutrino Facility'),
(11,'[IR] ECCSEL-FR','European Carbon Dioxide Capture and StoragE Laboratory Infrastructure'),
(12,'[IR] ECELLFrance','Plateforme nationale pour la médecine régénératrice basée sur les cellules souches mesenchymateuses adultes'),
(13,'[IR] EMBRC-France','Centre National de Ressources Biologiques Marines'),
(14,'[IR] EMERG''IN','Infrastructure nationale de Recherche pour la lutte contre les maladies infectieuses animales émergentes ou zoonotiques par l''exploration in vivo'),
(15,'[IR] EMIR','Fédération des Accélérateurs pour les Études des Matériaux sous Irradiation'),
(16,'[IR] ERIHS-FR','European Research Infrastructure for Heritage Science'),
(17,'[IR] ESO-INSTRUM','Instrumentation pour les grands télescopes de l''ESO'),
(18,'[IR] FBI','France-BioImaging'),
(19,'[IR] F-CRIN','Plateforme Nationale d''Infrastructures de recherche Clinique / French Clinical Research Infrastructure Network'),
(20,'[IR] FLI','France Life Imaging'),
(21,'[IR] France Génomique','Infrastructure nationale de génomique et bioinformatique associée'),
(22,'[IR] France Grilles','France Grilles'),
(23,'[IR] FRISBI','Infrastructure Française pour la Biologie Structurale Integrée / French Infrastructure for Integrated Structural Biology'),
(24,'[IR] FR-SOLARIS','Infrastructure de Recherche française sur le solaire thermique concentré / Solar Thermal Research Infrastructure for Concentrated Solar Power'),
(25,'[IR] FT-ICR','Réseau national de spectrométrie de masse FT-ICR à très haut champ'),
(26,'[IR] HAL, CCSD','Archive ouverte HAL'),
(27,'[IR] HESS','High Energy Stereoscopic System'),
(28,'[IR] HIDDEN','Infrastructure de recherche dédiée aux maladies hautement infectieuses – Laboratoire P4 Jean Mérieux Inserm'),
(29,'[IR] IBISBA-FR','Industrial Biotechnology Innovation and Synthetic Biology Accelerator'),
(30,'[IR] IDMIT','Infrastructure nationale pour la modélisation des maladies infectieuses humaines et les thérapies innovantes'),
(31,'[IR] IFB','Institut Français de Bioinformatique'),
(32,'[IR] I-LI-CO','Infrastructure LIttorale et COtière'),
(33,'[IR] ILT-LOFAR FR','International Low Frequency Radio Array Telescope - LOFAR FR'),
(34,'[IR] INGESTEM','Infrastructure Nationale d''ingénierie des cellules souches et des tissus'),
(35,'[IR] IN-SYLVA France','Infrastructure Nationale de recherche pour la gestion adaptative des forêts'),
(36,'[IR] JUNO','Jiangmen Underground Neutrino Observatory'),
(37,'[IR] KM3NeT','Kilometre Cube Neutrino Telescope'),
(38,'[IR] LNCMI','Laboratoire National des Champs Magnétiques Intenses'),
(39,'[IR] LSST','Large Synoptic Survey Telescope'),
(40,'[IR] MétaboHub','Infrastructure française distribuée pour la métabolomique dédiée à l''innovation, à la formation et au transfert de technologie'),
(41,'[IR] METOPES','Méthodes et outils pour l''édition structurée'),
(42,'[IR] METSA','Microscopie Electronique en Transmission et Sonde Atomique'),
(43,'[IR] NEURATRIS','Infrastructure de Recherche Translationnelle pour les Biothérapies en Neurosciences'),
(44,'[IR] NEUROSPIN','Infrastructure de recherche sur le cerveau exploitant des grands instruments d''imagerie'),
(45,'[IR] OpenEdition','Plateformes de publication électronique en sciences humaines et sociales'),
(46,'[IR] PAO','Observatoire Pierre Auger'),
(47,'[IR] PETAL','PETAwatt Aquitaine Laser'),
(48,'[IR] PGT','Consortium Préindustriel des vecteurs de Thérapie Génique'),
(49,'[IR] PNDB','Pôle National de Données de Biodiversité'),
(50,'[IR] PROFI','Infrastructure Française de Protéomique /Proteomics French Infrastructure'),
(51,'[IR] Renard','REseau NAtional de Rpe interDisciplinaire'),
(52,'[IR] RENATECH','Réseau NAtional des grandes centrales de TECHnologies'),
(53,'[IR] RESIF/EPOS ','Réseau sismologique et géodésique français /European Plate Observing System'),
(54,'[IR] RMN','Résonance Magnétique Nucléaire à Très Hauts Champs'),
(55,'[IR] RnMSH','Réseau national Maison des Sciences de l''Homme'),
(56,'[IR] SILECS','Infrastructure for Large-Scale Experimental Computer Science'),
(57,'[IR] Theorem','Réseau de Moyens d''Essais en Hydrodynamique pour les Énergies Marines Renouvelables'),
(58,'[IR] WEST','W(Tungsten) Environment for Steady-state Tokamaks'),
(59,'[IR] ANAEE - France ECOTRONS','Analyses et Expérimentations sur les Ecosystèmes – France ECOTRONS'),
(60,'[IR] E-LTER-France OZCAR ','Observatoire de la Zone Critique, Applications, Recherche'),
(61,'[IR] E-LTER-France RZA','Réseau des Zones Ateliers – Infrastructure des Socio-écosystèmes'),
(62,'[IR] EMPHASIS France','European Multi-environment Plant pHenomics And Simulation InfraStructure'),
(63,'[IR] EMSO - France','European Multidisciplinary Seafloor and water column Observatory - France'),
(64,'[IR] IAGOS - France','Instruments de mesure embarqués sur avions pour l''observation globale / In-service Aircraft for Global Observing System'),
(65,'[IR] RARE ','Ressources Agronomiques pour la Recherche'),
(66,'[IR] RECOLNAT ','Réseau des Collections Naturalistes françaises'),
(67,'[IR] SAFIRE ','Service des Avions Français Instrumentés pour la Recherche en Environnement'),
(68,'[OI] CEPMMT','Centre Européen pour les Prévisions Météorologiques à Moyen Terme'),
(69,'[OI] CERN','Organisation Européenne pour la Recherche Nucléaire /European Organization for Nuclear Research '),
(70,'[OI] EMBL','Laboratoire Européen de Biologie Moléculaire / European Molecular Biology Laboratory'),
(71,'[OI] ESO','European Southern Observatory'),
(72,'[OI] ESO ALMA','Atacama Large Millimeter/Submillimiter Array'),
(73,'[Projet] CAD','Collecteur Analyseur de Données'),
(74,'[Projet] IR Système Terre','Pôle de données et services pour le Système Terre'),
(75,'[Projet] SKA','Square Kilometre Array'),
(76,'[Projet] TIMES','Transfert et Interfaces : mathématiques, Entreprises et Société'),
(77,'[TGIR] CERN-LHC','Grand Collisionneur Hadronique /Large Hadron Collider'),
(78,'[TGIR] CFHT','Canada-France-Hawaii Telescope'),
(79,'[TGIR] CTA','Cherenkov Telescope Array'),
(80,'[TGIR] EGO-VIRGO','Observatoire Européen Gravitationnel –VIRGO / European Gravitational Observatory - VIRGO'),
(81,'[TGIR] ESRF','Source Européenne de Rayonnement Synchrotron / European Synchrotron Radiation Facility'),
(82,'[TGIR] ESS','European Spallation Source'),
(83,'[TGIR] FAIR','Facility for Antiproton and Ion Research'),
(84,'[TGIR] GANIL-Spiral2','Grand Accélérateur National d''Ions Lourds - Système de production d''Ions Radioactifs en Ligne de 2ème génération'),
(85,'[TGIR] GENCI','Grand Équipement National de Calcul Intensif'),
(86,'[TGIR] Huma-Num','Humanités Numériques'),
(87,'[TGIR] ILL','Institut Max von Laue - Paul Langevin'),
(88,'[TGIR] IRAM','Institut de RadioAstronomie Millimétrique'),
(89,'[TGIR] Orphée/LLB','ORPHEE/Laboratoire Léon Brillouin'),
(90,'[TGIR] Progedo','PROduction et GEstion de DOnnées'),
(91,'[TGIR] RENATER','RÉseau National de télécommunications pour la Technologie, l''Enseignement et la Recherche'),
(92,'[TGIR] Soleil','Source Optimisée de Lumière d''Energie Intermédiaire du LURE'),
(93,'[TGIR] XFEL','European X-ray Free Electron Laser'),
(94,'[TGIR] Concordia ','Base antarctique franco-italienne'),
(95,'[TGIR] ECORD / IODP','Programme international de forage profond en mer / European Consortium for Ocean Drilling Research / International Ocean Discovery Program'),
(96,'[TGIR] EURO-ARGO ','Réseau in-situ global d''observation des océans/ European contribution to Argo programme'),
(97,'[TGIR] FOF ','Flotte Océanographique Française'),
(98,'[TGIR] ICOS  France','Système Intégré d''Observation du Carbone / Integrated Carbon Observation System');

INSERT INTO "tr_info" ("cd_info", "lb_info") VALUES
('1',	'On cochant cette case, vous aurez la possibilité d''ajouter des pôles de compétitivité a ce projet, au moins un pôle doit être renseigné.'),
('2',	'On cochant cette case, vous aurez la possibilité de solliciter des cofinancement a ce projet, au moins un cofinancement doit être renseigné.'),
('3',	'On cochant cette case, vous aurez la possibilité de faire appel a une ou plusieurs infrastructures pour ce projet, au moins une infrastructure doit être renseignée.'),
('4',	'Les versions françaises et anglaises sont requises, Ces résumés ne sont pas confidentiels et pourrons ainsi être transmis à d''autres organismes (INCA,...).');

INSERT INTO "tr_inst_fi" ("id_inst_fi", "lb_inst_fi", "mnt_max", "mnt_min", "lb_acro") VALUES
(1,'Projet de recherche collaborative',	12000,	10000, 'PRC'),
(2,'Projet de recherche collaborative - Entreprise',	9000,	7500, 'PRCE'),
(3,'Jeunes chercheuses - jeunes chercheurs',	10000,	8500, 'JCJC'),
(4,'Projet de recherche collaborative - International',	20500,	18000, 'PRCI');

INSERT INTO "tr_langue" ("id_langue","lb_nom_fr","lb_nom_en", "cd_langue") VALUES
(1,'Afar','Afar',NULL),
(2,'Abkhaze','Abkhazian',NULL),
(3,'Avestique','Avestan',NULL),
(4,'Afrikaans','Afrikaans',NULL),
(5,'Akan','Akan',NULL),
(6,'Amharique','Amharic',NULL),
(7,'Aragonais','Aragonese',NULL),
(8,'Arabe','Arabic',NULL),
(9,'Assamais','Assamese',NULL),
(10,'Avar','Avaric',NULL),
(11,'Aymara','Aymara',NULL),
(12,'Azéri','Azerbaijani',NULL),
(13,'Bachkir','Bashkir',NULL),
(14,'Biélorusse','Belarusian',NULL),
(15,'Bulgare','Bulgarian',NULL),
(16,'Bihari','Bihari',NULL),
(17,'Bichelamar','Bislama',NULL),
(18,'Bambara','Bambara',NULL),
(19,'Bengali','Bengali',NULL),
(20,'Tibétain','Tibetan',NULL),
(21,'Breton','Breton',NULL),
(22,'Bosnien','Bosnian',NULL),
(23,'Catalan','Catalan',NULL),
(24,'Tchétchène','Chechen',NULL),
(25,'Chamorro','Chamorro',NULL),
(26,'Corse','Corsican',NULL),
(27,'Cri','Cree',NULL),
(28,'Tchèque','Czech',NULL),
(29,'Vieux-slave','Old Church Slavonic',NULL),
(30,'Tchouvache','Chuvash',NULL),
(31,'Gallois','Welsh',NULL),
(32,'Danois','Danish',NULL),
(33,'Allemand','German',NULL),
(34,'Maldivien','Divehi',NULL),
(35,'Dzongkha','Dzongkha',NULL),
(36,'Ewe','Ewe',NULL),
(37,'Grec moderne','Greek',NULL),
(38,'Anglais','English',NULL),
(39,'Espéranto','Esperanto',NULL),
(40,'Espagnol','Spanish',NULL),
(41,'Estonien','Estonian',NULL),
(42,'Basque','Basque',NULL),
(43,'Persan','Persian',NULL),
(44,'Peul','Fulah',NULL),
(45,'Finnois','Finnish',NULL),
(46,'Fidjien','Fijian',NULL),
(47,'Féroïen','Faroese',NULL),
(48,'Français','French',NULL),
(49,'Frison occidental','Western Frisian',NULL),
(50,'Irlandais','Irish',NULL),
(51,'Écossais','Scottish Gaelic',NULL),
(52,'Galicien','Galician',NULL),
(53,'Guarani','Guarani',NULL),
(54,'Gujarati','Gujarati',NULL),
(55,'Mannois','Manx',NULL),
(56,'Haoussa','Hausa',NULL),
(57,'Hébreu','Hebrew',NULL),
(58,'Hindi','Hindi',NULL),
(59,'Hiri motu','Hiri Motu',NULL),
(60,'Croate','Croatian',NULL),
(61,'Créole haïtien','Haitian',NULL),
(62,'Hongrois','Hungarian',NULL),
(63,'Arménien','Armenian',NULL),
(64,'Héréro','Herero',NULL),
(65,'Interlingua','Interlingua',NULL),
(66,'Indonésien','Indonesian',NULL),
(67,'Occidental','Interlingue',NULL),
(68,'Igbo','Igbo',NULL),
(69,'Yi','Sichuan Yi',NULL),
(70,'Inupiak','Inupiaq',NULL),
(71,'Ido','Ido',NULL),
(72,'Islandais','Icelandic',NULL),
(73,'Italien','Italian',NULL),
(74,'Inuktitut','Inuktitut',NULL),
(75,'Japonais','Japanese',NULL),
(76,'Javanais','Javanese',NULL),
(77,'Géorgien','Georgian',NULL),
(78,'Kikongo','Kongo',NULL),
(79,'Kikuyu','Kikuyu',NULL),
(80,'Kuanyama','Kwanyama',NULL),
(81,'Kazakh','Kazakh',NULL),
(82,'Groenlandais','Greenlandic',NULL),
(83,'Khmer','Khmer',NULL),
(84,'Kannada','Kannada',NULL),
(85,'Coréen','Korean',NULL),
(86,'Kanouri','Kanuri',NULL),
(87,'Cachemiri','Kashmiri',NULL),
(88,'Kurde','Kurdish',NULL),
(89,'Komi','Komi',NULL),
(90,'Cornique','Cornish',NULL),
(91,'Kirghiz','Kirghiz',NULL),
(92,'Latin','Latin',NULL),
(93,'Luxembourgeois','Luxembourgish',NULL),
(94,'Ganda','Ganda',NULL),
(95,'Limbourgeois','Limburgish',NULL),
(96,'Lingala','Lingala',NULL),
(97,'Lao','Lao',NULL),
(98,'Lituanien','Lithuanian',NULL),
(99,'Luba','Luba',NULL),
(100,'Letton','Latvian',NULL),
(101,'Malgache','Malagasy',NULL),
(102,'Marshallais','Marshallese',NULL),
(103,'Maori de Nouvelle-Zélande','Māori',NULL),
(104,'Macédonien','Macedonian',NULL),
(105,'Malayalam','Malayalam',NULL),
(106,'Mongol','Mongolian',NULL),
(107,'Moldave','Moldavian',NULL),
(108,'Marathi','Marathi',NULL),
(109,'Malais','Malay',NULL),
(110,'Maltais','Maltese',NULL),
(111,'Birman','Burmese',NULL),
(112,'Nauruan','Nauru',NULL),
(113,'Norvégien Bokmål','Norwegian Bokmål',NULL),
(114,'Sindebele','North Ndebele',NULL),
(115,'Népalais','Nepali',NULL),
(116,'Ndonga','Ndonga',NULL),
(117,'Néerlandais','Dutch',NULL),
(118,'Norvégien Nynorsk','Norwegian Nynorsk',NULL),
(119,'Norvégien','Norwegian',NULL),
(120,'Nrebele','South Ndebele',NULL),
(121,'Navajo','Navajo',NULL),
(122,'Chichewa','Chichewa',NULL),
(123,'Occitan','Occitan',NULL),
(124,'Ojibwé','Ojibwa',NULL),
(125,'Oromo','Oromo',NULL),
(126,'Oriya','Oriya',NULL),
(127,'Ossète','Ossetian',NULL),
(128,'Pendjabi','Panjabi',NULL),
(129,'Pali','Pāli',NULL),
(130,'Polonais','Polish',NULL),
(131,'Pachto','Pashto',NULL),
(132,'Portugais','Portuguese',NULL),
(133,'Quechua','Quechua',NULL),
(134,'Créole Réunionnais','Reunionese',NULL),
(135,'Romanche','Romansh',NULL),
(136,'Kirundi','Kirundi',NULL),
(137,'Roumain','Romanian',NULL),
(138,'Russe','Russian',NULL),
(139,'Kinyarwanda','Kinyarwanda',NULL),
(140,'Sanskrit','Sanskrit',NULL),
(141,'Sarde','Sardinian',NULL),
(142,'Sindhi','Sindhi',NULL),
(143,'Same du Nord','Northern Sami',NULL),
(144,'Sango','Sango',NULL),
(145,'Serbo-croate','Serbo-Croatian',NULL),
(146,'Cingalais','Sinhalese',NULL),
(147,'Slovaque','Slovak',NULL),
(148,'Slovène','Slovenian',NULL),
(149,'Samoan','Samoan',NULL),
(150,'Shona','Shona',NULL),
(151,'Somali','Somali',NULL),
(152,'Albanais','Albanian',NULL),
(153,'Serbe','Serbian',NULL),
(154,'Swati','Swati',NULL),
(155,'Sotho du Sud','Sotho',NULL),
(156,'Soundanais','Sundanese',NULL),
(157,'Suédois','Swedish',NULL),
(158,'Swahili','Swahili',NULL),
(159,'Tamoul','Tamil',NULL),
(160,'Télougou','Telugu',NULL),
(161,'Tadjik','Tajik',NULL),
(162,'Thaï','Thai',NULL),
(163,'Tigrigna','Tigrinya',NULL),
(164,'Turkmène','Turkmen',NULL),
(165,'Tagalog','Tagalog',NULL),
(166,'Tswana','Tswana',NULL),
(167,'Tongien','Tonga',NULL),
(168,'Turc','Turkish',NULL),
(169,'Tsonga','Tsonga',NULL),
(170,'Tatar','Tatar',NULL),
(171,'Twi','Twi',NULL),
(172,'Tahitien','Tahitian',NULL),
(173,'Ouïghour','Uighur',NULL),
(174,'Ukrainien','Ukrainian',NULL),
(175,'Ourdou','Urdu',NULL),
(176,'Ouzbek','Uzbek',NULL),
(177,'Venda','Venda',NULL),
(178,'Vietnamien','Viêt Namese',NULL),
(179,'Volapük','Volapük',NULL),
(180,'Wallon','Walloon',NULL),
(181,'Wolof','Wolof',NULL),
(182,'Xhosa','Xhosa',NULL),
(183,'Yiddish','Yiddish',NULL),
(184,'Yoruba','Yoruba',NULL),
(185,'Zhuang','Zhuang',NULL),
(186,'Chinois','Chinese',NULL),
(187,'Zoulou','Zulu',NULL);


INSERT INTO "tr_niveau" ("id_type_niveu", "lb_nom") VALUES
(1,	'Soumission'),
(2,	'Evaluation'),
(3,	'Publication');

INSERT INTO "tr_niveau_langue" ("id_niveau", "lb_niveau") VALUES
(2,	'Langue maternelle'),
(3,	'Courant'),
(4,	'Bon'),
(1,	'Moyen');

INSERT INTO "tr_pays" ("cd_pays", "lb_pays", "lb_pays_en", "alpha2", "alpha3") VALUES
('4',	'Afghanistan',	'Afghanistan',	'AF',	'AFG'),
('8',	'Albanie',	'Albania',	'AL',	'ALB'),
('10',	'Antarctique',	'Antarctica',	'AQ',	'ATA'),
('12',	'Algérie',	'Algeria',	'DZ',	'DZA'),
('16',	'Samoa Américaines',	'American Samoa',	'AS',	'ASM'),
('20',	'Andorre',	'Andorra',	'AD',	'AND'),
('24',	'Angola',	'Angola',	'AO',	'AGO'),
('28',	'Antigua-et-Barbuda',	'Antigua and Barbuda',	'AG',	'ATG'),
('31',	'Azerbaïdjan',	'Azerbaijan',	'AZ',	'AZE'),
('32',	'Argentine',	'Argentina',	'AR',	'ARG'),
('36',	'Australie',	'Australia',	'AU',	'AUS'),
('40',	'Autriche',	'Austria',	'AT',	'AUT'),
('44',	'Bahamas',	'Bahamas',	'BS',	'BHS'),
('48',	'Bahreïn',	'Bahrain',	'BH',	'BHR'),
('50',	'Bangladesh',	'Bangladesh',	'BD',	'BGD'),
('51',	'Arménie',	'Armenia',	'AM',	'ARM'),
('52',	'Barbade',	'Barbados',	'BB',	'BRB'),
('56',	'Belgique',	'Belgium',	'BE',	'BEL'),
('60',	'Bermudes',	'Bermuda',	'BM',	'BMU'),
('64',	'Bhoutan',	'Bhutan',	'BT',	'BTN'),
('68',	'Bolivie',	'Bolivia',	'BO',	'BOL'),
('70',	'Bosnie-Herzégovine',	'Bosnia and Herzegovina',	'BA',	'BIH'),
('72',	'Botswana',	'Botswana',	'BW',	'BWA'),
('74',	'Île Bouvet',	'Bouvet Island',	'BV',	'BVT'),
('76',	'Brésil',	'Brazil',	'BR',	'BRA'),
('84',	'Belize',	'Belize',	'BZ',	'BLZ'),
('86',	'Territoire Britannique de l''Océan Indien',	'British Indian Ocean Territory',	'IO',	'IOT'),
('90',	'Îles Salomon',	'Solomon Islands',	'SB',	'SLB'),
('92',	'Îles Vierges Britanniques',	'British Virgin Islands',	'VG',	'VGB'),
('96',	'Brunéi Darussalam',	'Brunei Darussalam',	'BN',	'BRN'),
('100',	'Bulgarie',	'Bulgaria',	'BG',	'BGR'),
('104',	'Myanmar',	'Myanmar',	'MM',	'MMR'),
('108',	'Burundi',	'Burundi',	'BI',	'BDI'),
('112',	'Bélarus',	'Belarus',	'BY',	'BLR'),
('116',	'Cambodge',	'Cambodia',	'KH',	'KHM'),
('120',	'Cameroun',	'Cameroon',	'CM',	'CMR'),
('124',	'Canada',	'Canada',	'CA',	'CAN'),
('132',	'Cap-vert',	'Cape Verde',	'CV',	'CPV'),
('136',	'Îles Caïmanes',	'Cayman Islands',	'KY',	'CYM'),
('140',	'République Centrafricaine',	'Central African',	'CF',	'CAF'),
('144',	'Sri Lanka',	'Sri Lanka',	'LK',	'LKA'),
('148',	'Tchad',	'Chad',	'TD',	'TCD'),
('152',	'Chili',	'Chile',	'CL',	'CHL'),
('156',	'Chine',	'China',	'CN',	'CHN'),
('158',	'Taïwan',	'Taiwan',	'TW',	'TWN'),
('162',	'Île Christmas',	'Christmas Island',	'CX',	'CXR'),
('166',	'Îles Cocos (Keeling)',	'Cocos (Keeling) Islands',	'CC',	'CCK'),
('170',	'Colombie',	'Colombia',	'CO',	'COL'),
('174',	'Comores',	'Comoros',	'KM',	'COM'),
('175',	'Mayotte',	'Mayotte',	'YT',	'MYT'),
('178',	'République du Congo',	'Republic of the Congo',	'CG',	'COG'),
('180',	'République Démocratique du Congo',	'The Democratic Republic Of The Congo',	'CD',	'COD'),
('184',	'Îles Cook',	'Cook Islands',	'CK',	'COK'),
('188',	'Costa Rica',	'Costa Rica',	'CR',	'CRI'),
('191',	'Croatie',	'Croatia',	'HR',	'HRV'),
('192',	'Cuba',	'Cuba',	'CU',	'CUB'),
('196',	'Chypre',	'Cyprus',	'CY',	'CYP'),
('203',	'République Tchèque',	'Czech Republic',	'CZ',	'CZE'),
('204',	'Bénin',	'Benin',	'BJ',	'BEN'),
('208',	'Danemark',	'Denmark',	'DK',	'DNK'),
('212',	'Dominique',	'Dominica',	'DM',	'DMA'),
('214',	'République Dominicaine',	'Dominican Republic',	'DO',	'DOM'),
('218',	'Équateur',	'Ecuador',	'EC',	'ECU'),
('222',	'El Salvador',	'El Salvador',	'SV',	'SLV'),
('226',	'Guinée Équatoriale',	'Equatorial Guinea',	'GQ',	'GNQ'),
('231',	'Éthiopie',	'Ethiopia',	'ET',	'ETH'),
('232',	'Érythrée',	'Eritrea',	'ER',	'ERI'),
('233',	'Estonie',	'Estonia',	'EE',	'EST'),
('234',	'Îles Féroé',	'Faroe Islands',	'FO',	'FRO'),
('238',	'Îles (malvinas) Falkland',	'Falkland Islands',	'FK',	'FLK'),
('239',	'Géorgie du Sud et les Îles Sandwich du Sud',	'South Georgia and the South Sandwich Islands',	'GS',	'SGS'),
('242',	'Fidji',	'Fiji',	'FJ',	'FJI'),
('246',	'Finlande',	'Finland',	'FI',	'FIN'),
('248',	'Îles Åland',	'Åland Islands',	'AX',	'ALA'),
('254',	'Guyane Française',	'French Guiana',	'GF',	'GUF'),
('258',	'Polynésie Française',	'French Polynesia',	'PF',	'PYF'),
('260',	'Terres Australes Françaises',	'French Southern Territories',	'TF',	'ATF'),
('262',	'Djibouti',	'Djibouti',	'DJ',	'DJI'),
('266',	'Gabon',	'Gabon',	'GA',	'GAB'),
('268',	'Géorgie',	'Georgia',	'GE',	'GEO'),
('270',	'Gambie',	'Gambia',	'GM',	'GMB'),
('275',	'Territoire Palestinien Occupé',	'Occupied Palestinian Territory',	'PS',	'PSE'),
('276',	'Allemagne',	'Germany',	'DE',	'DEU'),
('288',	'Ghana',	'Ghana',	'GH',	'GHA'),
('292',	'Gibraltar',	'Gibraltar',	'GI',	'GIB'),
('296',	'Kiribati',	'Kiribati',	'KI',	'KIR'),
('300',	'Grèce',	'Greece',	'GR',	'GRC'),
('304',	'Groenland',	'Greenland',	'GL',	'GRL'),
('308',	'Grenade',	'Grenada',	'GD',	'GRD'),
('312',	'Guadeloupe',	'Guadeloupe',	'GP',	'GLP'),
('316',	'Guam',	'Guam',	'GU',	'GUM'),
('320',	'Guatemala',	'Guatemala',	'GT',	'GTM'),
('324',	'Guinée',	'Guinea',	'GN',	'GIN'),
('328',	'Guyana',	'Guyana',	'GY',	'GUY'),
('332',	'Haïti',	'Haiti',	'HT',	'HTI'),
('334',	'Îles Heard et Mcdonald',	'Heard Island and McDonald Islands',	'HM',	'HMD'),
('336',	'Saint-Siège (état de la Cité du Vatican)',	'Vatican City State',	'VA',	'VAT'),
('340',	'Honduras',	'Honduras',	'HN',	'HND'),
('344',	'Hong-Kong',	'Hong Kong',	'HK',	'HKG'),
('348',	'Hongrie',	'Hungary',	'HU',	'HUN'),
('352',	'Islande',	'Iceland',	'IS',	'ISL'),
('356',	'Inde',	'India',	'IN',	'IND'),
('360',	'Indonésie',	'Indonesia',	'ID',	'IDN'),
('364',	'République Islamique d''Iran',	'Islamic Republic of Iran',	'IR',	'IRN'),
('368',	'Iraq',	'Iraq',	'IQ',	'IRQ'),
('372',	'Irlande',	'Ireland',	'IE',	'IRL'),
('376',	'Israël',	'Israel',	'IL',	'ISR'),
('380',	'Italie',	'Italy',	'IT',	'ITA'),
('384',	'Côte d''Ivoire',	'Côte d''Ivoire',	'CI',	'CIV'),
('388',	'Jamaïque',	'Jamaica',	'JM',	'JAM'),
('392',	'Japon',	'Japan',	'JP',	'JPN'),
('398',	'Kazakhstan',	'Kazakhstan',	'KZ',	'KAZ'),
('400',	'Jordanie',	'Jordan',	'JO',	'JOR'),
('404',	'Kenya',	'Kenya',	'KE',	'KEN'),
('408',	'République Populaire Démocratique de Corée',	'Democratic People''s Republic of Korea',	'KP',	'PRK'),
('410',	'République de Corée',	'Republic of Korea',	'KR',	'KOR'),
('414',	'Koweït',	'Kuwait',	'KW',	'KWT'),
('417',	'Kirghizistan',	'Kyrgyzstan',	'KG',	'KGZ'),
('418',	'République Démocratique Populaire Lao',	'Lao People''s Democratic Republic',	'LA',	'LAO'),
('422',	'Liban',	'Lebanon',	'LB',	'LBN'),
('426',	'Lesotho',	'Lesotho',	'LS',	'LSO'),
('428',	'Lettonie',	'Latvia',	'LV',	'LVA'),
('430',	'Libéria',	'Liberia',	'LR',	'LBR'),
('434',	'Jamahiriya Arabe Libyenne',	'Libyan Arab Jamahiriya',	'LY',	'LBY'),
('438',	'Liechtenstein',	'Liechtenstein',	'LI',	'LIE'),
('440',	'Lituanie',	'Lithuania',	'LT',	'LTU'),
('442',	'Luxembourg',	'Luxembourg',	'LU',	'LUX'),
('446',	'Macao',	'Macao',	'MO',	'MAC'),
('450',	'Madagascar',	'Madagascar',	'MG',	'MDG'),
('454',	'Malawi',	'Malawi',	'MW',	'MWI'),
('458',	'Malaisie',	'Malaysia',	'MY',	'MYS'),
('462',	'Maldives',	'Maldives',	'MV',	'MDV'),
('466',	'Mali',	'Mali',	'ML',	'MLI'),
('470',	'Malte',	'Malta',	'MT',	'MLT'),
('474',	'Martinique',	'Martinique',	'MQ',	'MTQ'),
('478',	'Mauritanie',	'Mauritania',	'MR',	'MRT'),
('480',	'Maurice',	'Mauritius',	'MU',	'MUS'),
('484',	'Mexique',	'Mexico',	'MX',	'MEX'),
('492',	'Monaco',	'Monaco',	'MC',	'MCO'),
('496',	'Mongolie',	'Mongolia',	'MN',	'MNG'),
('498',	'République de Moldova',	'Republic of Moldova',	'MD',	'MDA'),
('500',	'Montserrat',	'Montserrat',	'MS',	'MSR'),
('504',	'Maroc',	'Morocco',	'MA',	'MAR'),
('508',	'Mozambique',	'Mozambique',	'MZ',	'MOZ'),
('512',	'Oman',	'Oman',	'OM',	'OMN'),
('516',	'Namibie',	'Namibia',	'NA',	'NAM'),
('520',	'Nauru',	'Nauru',	'NR',	'NRU'),
('524',	'Népal',	'Nepal',	'NP',	'NPL'),
('528',	'Pays-Bas',	'Netherlands',	'NL',	'NLD'),
('530',	'Antilles Néerlandaises',	'Netherlands Antilles',	'AN',	'ANT'),
('533',	'Aruba',	'Aruba',	'AW',	'ABW'),
('540',	'Nouvelle-Calédonie',	'New Caledonia',	'NC',	'NCL'),
('548',	'Vanuatu',	'Vanuatu',	'VU',	'VUT'),
('554',	'Nouvelle-Zélande',	'New Zealand',	'NZ',	'NZL'),
('558',	'Nicaragua',	'Nicaragua',	'NI',	'NIC'),
('562',	'Niger',	'Niger',	'NE',	'NER'),
('566',	'Nigéria',	'Nigeria',	'NG',	'NGA'),
('570',	'Niué',	'Niue',	'NU',	'NIU'),
('574',	'Île Norfolk',	'Norfolk Island',	'NF',	'NFK'),
('578',	'Norvège',	'Norway',	'NO',	'NOR'),
('580',	'Îles Mariannes du Nord',	'Northern Mariana Islands',	'MP',	'MNP'),
('581',	'Îles Mineures Éloignées des États-Unis',	'United States Minor Outlying Islands',	'UM',	'UMI'),
('583',	'États Fédérés de Micronésie',	'Federated States of Micronesia',	'FM',	'FSM'),
('584',	'Îles Marshall',	'Marshall Islands',	'MH',	'MHL'),
('585',	'Palaos',	'Palau',	'PW',	'PLW'),
('586',	'Pakistan',	'Pakistan',	'PK',	'PAK'),
('591',	'Panama',	'Panama',	'PA',	'PAN'),
('598',	'Papouasie-Nouvelle-Guinée',	'Papua New Guinea',	'PG',	'PNG'),
('600',	'Paraguay',	'Paraguay',	'PY',	'PRY'),
('604',	'Pérou',	'Peru',	'PE',	'PER'),
('608',	'Philippines',	'Philippines',	'PH',	'PHL'),
('612',	'Pitcairn',	'Pitcairn',	'PN',	'PCN'),
('616',	'Pologne',	'Poland',	'PL',	'POL'),
('620',	'Portugal',	'Portugal',	'PT',	'PRT'),
('624',	'Guinée-Bissau',	'Guinea-Bissau',	'GW',	'GNB'),
('626',	'Timor-Leste',	'Timor-Leste',	'TL',	'TLS'),
('630',	'Porto Rico',	'Puerto Rico',	'PR',	'PRI'),
('634',	'Qatar',	'Qatar',	'QA',	'QAT'),
('638',	'Réunion',	'Réunion',	'RE',	'REU'),
('642',	'Roumanie',	'Romania',	'RO',	'ROU'),
('643',	'Fédération de Russie',	'Russian Federation',	'RU',	'RUS'),
('646',	'Rwanda',	'Rwanda',	'RW',	'RWA'),
('654',	'Sainte-Hélène',	'Saint Helena',	'SH',	'SHN'),
('659',	'Saint-Kitts-et-Nevis',	'Saint Kitts and Nevis',	'KN',	'KNA'),
('660',	'Anguilla',	'Anguilla',	'AI',	'AIA'),
('662',	'Sainte-Lucie',	'Saint Lucia',	'LC',	'LCA'),
('666',	'Saint-Pierre-et-Miquelon',	'Saint-Pierre and Miquelon',	'PM',	'SPM'),
('670',	'Saint-Vincent-et-les Grenadines',	'Saint Vincent and the Grenadines',	'VC',	'VCT'),
('674',	'Saint-Marin',	'San Marino',	'SM',	'SMR'),
('678',	'Sao Tomé-et-Principe',	'Sao Tome and Principe',	'ST',	'STP'),
('682',	'Arabie Saoudite',	'Saudi Arabia',	'SA',	'SAU'),
('686',	'Sénégal',	'Senegal',	'SN',	'SEN'),
('690',	'Seychelles',	'Seychelles',	'SC',	'SYC'),
('694',	'Sierra Leone',	'Sierra Leone',	'SL',	'SLE'),
('702',	'Singapour',	'Singapore',	'SG',	'SGP'),
('703',	'Slovaquie',	'Slovakia',	'SK',	'SVK'),
('704',	'Viet Nam',	'Vietnam',	'VN',	'VNM'),
('705',	'Slovénie',	'Slovenia',	'SI',	'SVN'),
('706',	'Somalie',	'Somalia',	'SO',	'SOM'),
('710',	'Afrique du Sud',	'South Africa',	'ZA',	'ZAF'),
('716',	'Zimbabwe',	'Zimbabwe',	'ZW',	'ZWE'),
('724',	'Espagne',	'Spain',	'ES',	'ESP'),
('732',	'Sahara Occidental',	'Western Sahara',	'EH',	'ESH'),
('736',	'Soudan',	'Sudan',	'SD',	'SDN'),
('740',	'Suriname',	'Suriname',	'SR',	'SUR'),
('744',	'Svalbard etÎle Jan Mayen',	'Svalbard and Jan Mayen',	'SJ',	'SJM'),
('748',	'Swaziland',	'Swaziland',	'SZ',	'SWZ'),
('752',	'Suède',	'Sweden',	'SE',	'SWE'),
('756',	'Suisse',	'Switzerland',	'CH',	'CHE'),
('760',	'République Arabe Syrienne',	'Syrian Arab Republic',	'SY',	'SYR'),
('762',	'Tadjikistan',	'Tajikistan',	'TJ',	'TJK'),
('764',	'Thaïlande',	'Thailand',	'TH',	'THA'),
('768',	'Togo',	'Togo',	'TG',	'TGO'),
('772',	'Tokelau',	'Tokelau',	'TK',	'TKL'),
('776',	'Tonga',	'Tonga',	'TO',	'TON'),
('780',	'Trinité-et-Tobago',	'Trinidad and Tobago',	'TT',	'TTO'),
('784',	'Émirats Arabes Unis',	'United Arab Emirates',	'AE',	'ARE'),
('788',	'Tunisie',	'Tunisia',	'TN',	'TUN'),
('792',	'Turquie',	'Turkey',	'TR',	'TUR'),
('795',	'Turkménistan',	'Turkmenistan',	'TM',	'TKM'),
('796',	'Îles Turks et Caïques',	'Turks and Caicos Islands',	'TC',	'TCA'),
('798',	'Tuvalu',	'Tuvalu',	'TV',	'TUV'),
('800',	'Ouganda',	'Uganda',	'UG',	'UGA'),
('804',	'Ukraine',	'Ukraine',	'UA',	'UKR'),
('807',	'L''ex-République Yougoslave de Macédoine',	'The Former Yugoslav Republic of Macedonia',	'MK',	'MKD'),
('818',	'Égypte',	'Egypt',	'EG',	'EGY'),
('826',	'Royaume-Uni',	'United Kingdom',	'GB',	'GBR'),
('833',	'Île de Man',	'Isle of Man',	'IM',	'IMN'),
('834',	'République-Unie de Tanzanie',	'United Republic Of Tanzania',	'TZ',	'TZA'),
('840',	'États-Unis',	'United States',	'US',	'USA'),
('850',	'Îles Vierges des États-Unis',	'U.S. Virgin Islands',	'VI',	'VIR'),
('854',	'Burkina Faso',	'Burkina Faso',	'BF',	'BFA'),
('858',	'Uruguay',	'Uruguay',	'UY',	'URY'),
('860',	'Ouzbékistan',	'Uzbekistan',	'UZ',	'UZB'),
('862',	'Venezuela',	'Venezuela',	'VE',	'VEN'),
('876',	'Wallis et Futuna',	'Wallis and Futuna',	'WF',	'WLF'),
('882',	'Samoa',	'Samoa',	'WS',	'WSM'),
('887',	'Yémen',	'Yemen',	'YE',	'YEM'),
('891',	'Serbie-et-Monténégro',	'Serbia and Montenegro',	'CS',	'SCG'),
('894',	'Zambie',	'Zambia',	'ZM',	'ZMB'),
('250',	'France',	'France',	'FR',	'FRA');

INSERT INTO "tr_phase" ("id_phase_ref", "lb_nom") VALUES
(1,	'Phase 1'),
(2,	'Phase 2'),
(3,	'Phase 3'),
(4,	'Phase 4'),
(5,	'Phase 5'),
(6,	'Phase 6');

INSERT INTO "tr_pol_comp" ("id_pole_comp", "lb_pol_comp") VALUES
(1,'Aerospace Valley'),
(2,'Agri Sud-Ouest Innovation'),
(3,'Alimentation Bien-Etre Naturalité'),
(4,'Alpha-RLH'),
(5,'Aquimer'),
(6,'ASTech'),
(7,'Atlanpôle Biotherapies'),
(8,'Axelera'),
(9,'BioValley France'),
(10,'Cap Digital Paris Region'),
(11,'Capenergies'),
(12,'CARA'),
(13,'CIMES'),
(14,'Cosmetic Valley'),
(15,'DERBI'),
(16,'Elastopôle'),
(17,'EMC2'),
(18,'EuraMaterials'),
(19,'Eurobiomed - CBS'),
(20,'Fibres-Energivie'),
(21,'Finance Innovation'),
(22,'Hippolia'),
(23,'iD4CAR'),
(24,'Images & Réseaux-TES'),
(25,'Industries & Agro-Ressources'),
(26,'i-Trans'),
(27,'Lyonbiopôle'),
(28,'Materalia'),
(29,'Medicen Paris Region'),
(30,'Minalogic'),
(31,'Mov''eo'),
(32,'Nov@log'),
(33,'Nuclear Valley'),
(34,'Nutrition Santé Longévité'),
(35,'Optitec'),
(36,'PICOM Industries du Commerce'),
(37,'Plastipolis'),
(38,'Pôle Avenia'),
(39,'Pôle de la Filière de l''Eau'),
(40,'Pôle des Microtechniques'),
(41,'Pôle Européen de la Céramique'),
(42,'Pôle Mer Bretagne Atlantique'),
(43,'Pôle Mer Méditerranée'),
(44,'Pôle Véhicule du Futur'),
(45,'Qualitropic'),
(46,'S2E2'),
(47,'SAFE Cluster'),
(48,'Solutions Communicantes Sécurisées'),
(49,'Systematic Paris-Region'),
(50,'TEAM2'),
(51,'Techtera'),
(52,'Tenerrdis'),
(53,'Valorial'),
(54,'Vegepolys Valley'),
(55,'Vitagora'),
(56,'Xylofutur');

INSERT INTO "tr_st_affect" ("id_st_affect", "symbole", "lb_nom", "ordre", "lb_couleur") VALUES
(1,	'R',	'Rapporteur',	10,	NULL),
(2,	'L',	'Lecteur',	20,	NULL),
(3,	'X',	'Conflit',	40,	'red'),
(4,	'O',	'Refus',	30,	'orange'),
(5, 'E', 'Expert', 50, null);

INSERT INTO "tr_profil" ("id_profil", "lb_profil", "cd_profil", "lb_role") VALUES
(1,	'Pilote d’appel',	'PA',	'ROLE_PILOTE'),
(2,	'CPS',	'CPS',	'ROLE_CPS'),
(3,	'COES',	'COES',	'ROLE_COSSE'),
(4,	'Président',	'PRE',	'ROLE_PRES'),
(5,	'Responsable',	'RES',	'ROLE_RES'),
(6,	'CPS Principal',	'CPRIN',	'ROLE_CPS_P'),
(7,	'CPS Secondaire',	'CPSEC',	'ROLE_CPS_S'),
(8,	'Vice président',	'VPRE',	'ROLE_VISE_PRES'),
(9,	'Membre',	'MBR',	'ROLE_MBRE'),
(10,	'DOS EM',	'DOSEM',	'ROLE_DOS_EM'),
(11,	'Responsable département',	'RDEP',	'ROLE_RE_DEP'),
(12,	'Responsable scientifique',	'RSCIE',	'ROLE_RE_SCI'),
(13,	'Responsable COSSE',	'RCOSS',	'ROLE_RE_COSSE'),
(14,	'Gestionnaire COSSE',	'GCOSS',	'ROLE_GE_COSSE'),
(15,	'Porteur projet',	'PPROJ',	'ROLE_PORTEUR_PROJET'),
(16,	'Expert',	'EXPER',	'ROLE_EXPERT'),
(17,	'Coordinateur de projet',	'CPROJ',	'ROLE_COORD_PROJ'),
(18,	'Responsable administratif',	'RADM',	'ROLE_RE_ADM'),
(19, 'Rapporteur', 'RAPP', 'ROLE_RAPP'),
(20, 'Lecteur', 'LECT', 'ROLE_LECT');

INSERT INTO "tr_sts_evaluation" ("cd_sts_evaluation", "lb_description") VALUES
('AFR',	'A faire'),
('ENC',	'En cours'),
('SOM',	'Soumise');

INSERT INTO "tr_sts_sollicitation" ("cd_sollicitation", "lb_description", "action_sollicitation") VALUES
('SOL',	'Sollicité',	'Déclarer que l’évaluateur est sollicité.'),
('RET',	'Retiré',	'Retirer l’évaluateur.'),
('REF',	'Refus',	'Déclarer l’évaluateur en refus.'),
('ENC',	'En conflit',	'Déclarer l’évaluateur en conflit.'),
('ACC',	'Acceptée',	'Déclarer que l’évaluateur a donné son accord pour évaluer.'),
('PRO',	'Proposée',	'Déclarer que l''évaluateur est proposé.'),
('SAR', 'Sans réponse',  'Sollicité sans réponse après trois relances.');

INSERT INTO "tr_typ_id_ext" ("id_type_ref_ext", "lb_nom_fr") VALUES
(1,	'ORCID'),
(2,	'ResearchID'),
(3,	'idHal'),
(4,	'idRef');

INSERT INTO "tr_type_commande" ("cd_commande", "lb_commande") VALUES
('RLC',	'relance'),
('AJT',	'ajouter'),
('COM',	'commentaire');

INSERT INTO public.tr_type_eval (id_type, lb_description) VALUES
 (1, 'EXPERTISE'),
(2, 'EVAL_RL'),
(3, 'RAPPORT');

INSERT INTO public.tr_statut_projet (id_sts_projet, lb_nom) VALUES
 (1, 'Enregistré'),
 (2, 'Soumis');

INSERT INTO "tr_type_document" ("id_type_doc", "lb_type_doc") VALUES
(1,	'Pré-proposition'),
(2,	'Annexe à la pré-proposition');

INSERT INTO "tr_type_part" ("typ_part", "lb_nom_fr") VALUES
('PUF',	'Publics Français'),
('PRF',	'Privés Français'),
('ETR',	'Etrangers');

INSERT INTO "tr_type_reunion" ("id_type_reunion", "lb_type_reunion") VALUES
(1,	'Bureau'),
(2,	'Plénière');

INSERT INTO "tg_bloc" ("id_bloc", "lb_bloc", "class_name") VALUES
(1,	'Instrument de financement',	'BlInstFiType'),
(2,	'Identité du projet',	'BlIdentProjType'),
(3,	'Informations complémentaires',	'BlInfoComplType'),
(4,	'Document scientifique',	'BlDocScientifiqueType'),
(5,	'Mot clé ERC',	'BlMotCleErcType'),
(6,	'Mot clé CES',	'BlMotCleCesType'),
(7,	'Experts non souhaités',	'NonSouhaiteType'),
(8,	'Annexe à la Pré-proposition',	'BlAnnexePrepropositionType'),
(9,	'Résumés',	'BlResumeType'),
(10,	'Mots clés Libre',	'BlMotCleLibreType'),
(11,	'Partenariat',	'BlPartenariatType'),
(12,	'Soumission du projet',	'BlSoumettreType'),
(13,	'Synthèse du projet',	'BlSyntheseType');

INSERT INTO "tg_pers_cps" ("id_pers_cps", "id_genre", "lb_web_perso", "bl_sexe", "lb_langue", "lb_nom_fr", "lb_prenom", "lb_adr_mail", "lb_ville_heberg", "lb_organisme") VALUES
(1,	1,	'www.cnrs.com',	'f',	'Fr',	'Gedon',	'Kevin',	'k.gedon@cnr.fr',	'Marseille',	'INRA'),
(2,	1,	'www.ratp.fr',	't',	'Fr',	'Dumond',	'Franck',	'f.dumont@ratp.fr',	'Paris',	'INRA'),
(3,	2,	NULL,	'f',	NULL,	'Roth',	'Chaney',	'r.roth@sira.it',	'Milan',	'INRA'),
(4,	1,	NULL,	't',	'Fr',	'Collin',	'Nicolas',	'nicolas.collin@vformulation.org',	'Faris',	'INRA'),
(5,	2,	NULL,	't',	'Fr',	'Goigoux',	'Roland',	'roland.goigoux@uca.fr',	'Faris',	'INRA'),
(6,	1,	NULL,	'f',	'Fr',	'Bonte',	'Milene',	'm.bonte@maastrichtuniversity.nl',	'Faris',	'INRA'),
(7,	1,	NULL,	't',	'Fr',	'Huang',	'Q',	'qyhuang@mail.hzau.edu.cn',	'Faris',	'INRA'),
(8,	1,	NULL,	't',	'Fr',	'NOTO',	'Yu-ichi',	'y-noto@koto.kpu-m.ac.jp',	'Faris',	'INRA'),
(9,	1,	'www.polytechnique.edu',	't',	'Fr',	'Pillet',	'Jean-Damien',	'jean-damien.pillet@polytechnique.edu',	'Faris',	'INRA'),
(10,	1,	NULL,	't',	'Fr',	'Brémond',	'Joël',	'bremond.joel@wanadoo.fr',	'Faris',	'INRA'),
(11,	1,	NULL,	'f',	'Fr',	'Aussant',	'Emilie',	'emilie.aussant@univ-paris-diderot.fr',	'Faris',	'INRA'),
(12,	1,	NULL,	't',	'Fr',	'Soubiran',	'Thomas',	'thomas.soubiran@univ-lille2.fr',	'Faris',	'INRA'),
(13,	1,	NULL,	'f',	'Fr',	'Wissel',	'Stephanie',	'swissel@calpoly.edu',	'Faris',	'INRA'),
(14,	1,	NULL,	't',	'Fr',	'GERTON',	'Jennifer',	'jeg@stowers.org',	'Faris',	'INRA'),
(15,	1,	NULL,	't',	'Fr',	'PUCEAT',	'Michel',	'michel.puceat@univ-amu.fr',	'Faris',	'INRA'),
(16,	1,	'www.cnrs.com',	'f',	'Fr',	'Dupon',	'Francois',	'd.francois@cnr.fr',	'Marseille',	NULL),
(17,	1,	'www.cnrs.com',	'f',	'Fr',	'Duron',	'Francois',	'd.francois@cnr.fr',	'Marseille',	NULL),

(500,4,	NULL,	NULL,	NULL, 'Heino', 'Lén',NULL, NULL, NULL),
(501,4,	NULL,	NULL,	NULL, 'De Bischof', 'Andréanne',NULL, NULL, NULL),
(502,4,	NULL,	NULL,	NULL, 'Hamblington', 'Faîtes',NULL, NULL, NULL),
(503,4,	NULL,	NULL,	NULL, 'Ricardo', 'Lorène',NULL, NULL, NULL),
(504,4,	NULL,	NULL,	NULL, 'Stares', 'Michèle',NULL, NULL, NULL),
(505,4,	NULL,	NULL,	NULL, 'Berkely', 'Marie-françoise',NULL, NULL, NULL),
(506,4,	NULL,	NULL,	NULL, 'Ouldcott', 'Mélinda',NULL, NULL, NULL),
(507,4,	NULL,	NULL,	NULL, 'Puttan', 'Mà',NULL, NULL, NULL),
(508,4,	NULL,	NULL,	NULL, 'Bussy', 'Océane',NULL, NULL, NULL),
(509,4,	NULL,	NULL,	NULL, 'Lyster', 'Lèi',NULL, NULL, NULL),
(510,4,	NULL,	NULL,	NULL, 'Allery', 'Camélia',NULL, NULL, NULL),
(511,4,	NULL,	NULL,	NULL, 'Surgood', 'Mà',NULL, NULL, NULL),
(512,4,	NULL,	NULL,	NULL, 'Keable', 'Pål',NULL, NULL, NULL),
(513,4,	NULL,	NULL,	NULL, 'Adlington', 'Magdalène',NULL, NULL, NULL),
(514,4,	NULL,	NULL,	NULL, 'Iredale', 'Yè',NULL, NULL, NULL),
(515,4,	NULL,	NULL,	NULL, 'Scrooby', 'Eloïse',NULL, NULL, NULL),
(516,4,	NULL,	NULL,	NULL, 'Lygoe', 'Adélaïde',NULL, NULL, NULL),
(517,4,	NULL,	NULL,	NULL, 'Kubiak', 'Maïwenn',NULL, NULL, NULL),
(518,4,	NULL,	NULL,	NULL, 'Livings', 'Liè',NULL, NULL, NULL),
(519,4,	NULL,	NULL,	NULL, 'Hatt', 'Dafnée',NULL, NULL, NULL),
(520,4,	NULL,	NULL,	NULL, 'Coviello', 'Léana',NULL, NULL, NULL),
(521,4,	NULL,	NULL,	NULL, 'Durnall', 'Amélie',NULL, NULL, NULL),
(522,4,	NULL,	NULL,	NULL, 'Iacovuzzi', 'Séréna',NULL, NULL, NULL),
(523,4,	NULL,	NULL,	NULL, 'Duell', 'Méryl',NULL, NULL, NULL),
(524,4,	NULL,	NULL,	NULL, 'Hyndley', 'Lài',NULL, NULL, NULL),
(525,4,	NULL,	NULL,	NULL, 'Prowting', 'Bérénice',NULL, NULL, NULL),
(526,4,	NULL,	NULL,	NULL, 'Fominov', 'Görel',NULL, NULL, NULL),
(527,4,	NULL,	NULL,	NULL, 'Lamperd', 'Eléonore',NULL, NULL, NULL),
(528,4,	NULL,	NULL,	NULL, 'Holcroft', 'Almérinda',NULL, NULL, NULL),
(529,4,	NULL,	NULL,	NULL, 'Sawday', 'Stévina',NULL, NULL, NULL),
(530,4,	NULL,	NULL,	NULL, 'Blanko', 'Magdalène',NULL, NULL, NULL),
(531,4,	NULL,	NULL,	NULL, 'Dootson', 'Torbjörn',NULL, NULL, NULL),
(532,4,	NULL,	NULL,	NULL, 'Broddle', 'Léa',NULL, NULL, NULL),
(533,4,	NULL,	NULL,	NULL, 'Mugford', 'Mélanie',NULL, NULL, NULL),
(534,4,	NULL,	NULL,	NULL, 'Igounet', 'Céline',NULL, NULL, NULL),
(535,4,	NULL,	NULL,	NULL, 'MacGorrie', 'Méryl',NULL, NULL, NULL),
(536,4,	NULL,	NULL,	NULL, 'Jina', 'Börje',NULL, NULL, NULL),
(537,4,	NULL,	NULL,	NULL, 'Clew', 'Andrée',NULL, NULL, NULL),
(538,4,	NULL,	NULL,	NULL, 'Bradshaw', 'Adélie',NULL, NULL, NULL),
(539,4,	NULL,	NULL,	NULL, 'Mulgrew', 'Marie-thérèse',NULL, NULL, NULL),
(540,4,	NULL,	NULL,	NULL, 'Feldklein', 'Zhì',NULL, NULL, NULL),
(541,4,	NULL,	NULL,	NULL, 'Berndtsson', 'Léandre',NULL, NULL, NULL),
(542,4,	NULL,	NULL,	NULL, 'Denzilow', 'Marie-françoise',NULL, NULL, NULL),
(543,4,	NULL,	NULL,	NULL, 'McCerery', 'Alizée',NULL, NULL, NULL),
(544,4,	NULL,	NULL,	NULL, 'Ickov', 'Stévina',NULL, NULL, NULL),
(545,4,	NULL,	NULL,	NULL, 'Bohlin', 'Maïly',NULL, NULL, NULL),
(546,4,	NULL,	NULL,	NULL, 'Blundel', 'Marie-thérèse',NULL, NULL, NULL),
(547,4,	NULL,	NULL,	NULL, 'Drinkall', 'Åslög',NULL, NULL, NULL),
(548,4,	NULL,	NULL,	NULL, 'Kop', 'Wá',NULL, NULL, NULL),
(549,4,	NULL,	NULL,	NULL, 'O''Gaven', 'Adèle',NULL, NULL, NULL),
(550,4,	NULL,	NULL,	NULL, 'Yorke', 'Maëlann',NULL, NULL, NULL),
(551,4,	NULL,	NULL,	NULL, 'Adnam', 'Réservés',NULL, NULL, NULL),
(552,4,	NULL,	NULL,	NULL, 'Ogger', 'Maëlla',NULL, NULL, NULL),
(553,4,	NULL,	NULL,	NULL, 'Britten', 'Noémie',NULL, NULL, NULL),
(554,4,	NULL,	NULL,	NULL, 'Canario', 'Océane',NULL, NULL, NULL),
(555,4,	NULL,	NULL,	NULL, 'Gajewski', 'Bénédicte',NULL, NULL, NULL),
(556,4,	NULL,	NULL,	NULL, 'Brandes', 'Maëlle',NULL, NULL, NULL),
(557,4,	NULL,	NULL,	NULL, 'Hallowes', 'Mélanie',NULL, NULL, NULL),
(558,4,	NULL,	NULL,	NULL, 'Bonafacino', 'Nuó',NULL, NULL, NULL),
(559,4,	NULL,	NULL,	NULL, 'Canty', 'Björn',NULL, NULL, NULL),
(560,4,	NULL,	NULL,	NULL, 'Vowells', 'Anaïs',NULL, NULL, NULL),
(561,4,	NULL,	NULL,	NULL, 'Hoggetts', 'Görel',NULL, NULL, NULL),
(562,4,	NULL,	NULL,	NULL, 'Gerant', 'Táng',NULL, NULL, NULL),
(563,4,	NULL,	NULL,	NULL, 'Goudman', 'Mégane',NULL, NULL, NULL),
(564,4,	NULL,	NULL,	NULL, 'Shaudfurth', 'Amélie',NULL, NULL, NULL),
(565,4,	NULL,	NULL,	NULL, 'Dymock', 'Mahélie',NULL, NULL, NULL),
(566,4,	NULL,	NULL,	NULL, 'Yallop', 'Zoé',NULL, NULL, NULL),
(567,4,	NULL,	NULL,	NULL, 'Annwyl', 'Göran',NULL, NULL, NULL),
(568,4,	NULL,	NULL,	NULL, 'Brand-Hardy', 'Andréanne',NULL, NULL, NULL),
(569,4,	NULL,	NULL,	NULL, 'Buckhurst', 'Cunégonde',NULL, NULL, NULL),
(570,4,	NULL,	NULL,	NULL, 'Mantripp', 'Maëlle',NULL, NULL, NULL),
(571,4,	NULL,	NULL,	NULL, 'Bursell', 'Maï',NULL, NULL, NULL),
(572,4,	NULL,	NULL,	NULL, 'Portlock', 'Maïwenn',NULL, NULL, NULL),
(573,4,	NULL,	NULL,	NULL, 'Poure', 'Zoé',NULL, NULL, NULL),
(574,4,	NULL,	NULL,	NULL, 'Gaiger', 'Léana',NULL, NULL, NULL),
(575,4,	NULL,	NULL,	NULL, 'Bedo', 'Alizée',NULL, NULL, NULL),
(576,4,	NULL,	NULL,	NULL, 'Brahm', 'Märta',NULL, NULL, NULL),
(577,4,	NULL,	NULL,	NULL, 'Bicheno', 'Marie-ève',NULL, NULL, NULL),
(578,4,	NULL,	NULL,	NULL, 'Damrel', 'Béatrice',NULL, NULL, NULL),
(579,4,	NULL,	NULL,	NULL, 'Nitto', 'Yú',NULL, NULL, NULL),
(580,4,	NULL,	NULL,	NULL, 'Reffe', 'Lài',NULL, NULL, NULL),
(581,4,	NULL,	NULL,	NULL, 'Urvoy', 'Maëlann',NULL, NULL, NULL),
(582,4,	NULL,	NULL,	NULL, 'Bartosiak', 'Séréna',NULL, NULL, NULL),
(583,4,	NULL,	NULL,	NULL, 'Brierly', 'Maï',NULL, NULL, NULL),
(584,4,	NULL,	NULL,	NULL, 'Kagan', 'Yè',NULL, NULL, NULL),
(585,4,	NULL,	NULL,	NULL, 'Fox', 'Tán',NULL, NULL, NULL),
(586,4,	NULL,	NULL,	NULL, 'Cant', 'Eléa',NULL, NULL, NULL),
(587,4,	NULL,	NULL,	NULL, 'Rosin', 'Françoise',NULL, NULL, NULL),
(588,4,	NULL,	NULL,	NULL, 'Duigan', 'Magdalène',NULL, NULL, NULL),
(589,4,	NULL,	NULL,	NULL, 'Bront', 'Loïs',NULL, NULL, NULL),
(590,4,	NULL,	NULL,	NULL, 'Letcher', 'Renée',NULL, NULL, NULL),
(591,4,	NULL,	NULL,	NULL, 'Clevely', 'Inès',NULL, NULL, NULL),
(592,4,	NULL,	NULL,	NULL, 'Flippelli', 'Erwéi',NULL, NULL, NULL),
(593,4,	NULL,	NULL,	NULL, 'Dunk', 'Loïca',NULL, NULL, NULL),
(594,4,	NULL,	NULL,	NULL, 'Cubitt', 'Méghane',NULL, NULL, NULL),
(595,4,	NULL,	NULL,	NULL, 'Scud', 'Maïlys',NULL, NULL, NULL),
(596,4,	NULL,	NULL,	NULL, 'Sinden', 'Léone',NULL, NULL, NULL),
(597,4,	NULL,	NULL,	NULL, 'Yesichev', 'Andrée',NULL, NULL, NULL),
(598,4,	NULL,	NULL,	NULL, 'Abrahim', 'Anaïs',NULL, NULL, NULL),
(599,4,	NULL,	NULL,	NULL, 'Maclean', 'Zhì',NULL, NULL, NULL),
(600,4,	NULL,	NULL,	NULL, 'O''Sheeryne', 'Gaëlle',NULL, NULL, NULL),
(601,4,	NULL,	NULL,	NULL, 'Pogson', 'Dorothée',NULL, NULL, NULL),
(602,4,	NULL,	NULL,	NULL, 'Rodell', 'Estève',NULL, NULL, NULL),
(603,4,	NULL,	NULL,	NULL, 'Hounsome', 'Lài',NULL, NULL, NULL),
(604,4,	NULL,	NULL,	NULL, 'Warke', 'Kuí',NULL, NULL, NULL),
(605,4,	NULL,	NULL,	NULL, 'Kliment', 'Annotés',NULL, NULL, NULL),
(606,4,	NULL,	NULL,	NULL, 'Cadney', 'Anaëlle',NULL, NULL, NULL),
(607,4,	NULL,	NULL,	NULL, 'MacDiarmond', 'Ruò',NULL, NULL, NULL),
(608,4,	NULL,	NULL,	NULL, 'Barette', 'Salomé',NULL, NULL, NULL),
(609,4,	NULL,	NULL,	NULL, 'Shallcrass', 'Frédérique',NULL, NULL, NULL),
(610,4,	NULL,	NULL,	NULL, 'Kembley', 'Björn',NULL, NULL, NULL),
(611,4,	NULL,	NULL,	NULL, 'Tregian', 'Méryl',NULL, NULL, NULL),
(612,4,	NULL,	NULL,	NULL, 'Duetsche', 'Miléna',NULL, NULL, NULL),
(613,4,	NULL,	NULL,	NULL, 'Kun', 'Loïs',NULL, NULL, NULL),
(614,4,	NULL,	NULL,	NULL, 'Fibben', 'Marie-thérèse',NULL, NULL, NULL),
(615,4,	NULL,	NULL,	NULL, 'Ginley', 'Eléonore',NULL, NULL, NULL),
(616,4,	NULL,	NULL,	NULL, 'Glede', 'Célia',NULL, NULL, NULL),
(617,4,	NULL,	NULL,	NULL, 'Flindall', 'Lèi',NULL, NULL, NULL),
(618,4,	NULL,	NULL,	NULL, 'Roth', 'Gaétane',NULL, NULL, NULL),
(619,4,	NULL,	NULL,	NULL, 'McCrory', 'Méthode',NULL, NULL, NULL),
(620,4,	NULL,	NULL,	NULL, 'McCorry', 'Yénora',NULL, NULL, NULL),
(621,4,	NULL,	NULL,	NULL, 'July', 'Méghane',NULL, NULL, NULL),
(622,4,	NULL,	NULL,	NULL, 'Delgadillo', 'Thérèsa',NULL, NULL, NULL),
(623,4,	NULL,	NULL,	NULL, 'Huxley', 'Mahélie',NULL, NULL, NULL),
(624,4,	NULL,	NULL,	NULL, 'Elliman', 'Maïlys',NULL, NULL, NULL),
(625,4,	NULL,	NULL,	NULL, 'Hannum', 'Tú',NULL, NULL, NULL),
(626,4,	NULL,	NULL,	NULL, 'Blogg', 'Cécilia',NULL, NULL, NULL),
(627,4,	NULL,	NULL,	NULL, 'Pinwill', 'Bécassine',NULL, NULL, NULL),
(628,4,	NULL,	NULL,	NULL, 'Little', 'Björn',NULL, NULL, NULL),
(629,4,	NULL,	NULL,	NULL, 'Minchinden', 'Solène',NULL, NULL, NULL),
(630,4,	NULL,	NULL,	NULL, 'Heiden', 'Åke',NULL, NULL, NULL),
(631,4,	NULL,	NULL,	NULL, 'Loxly', 'Anaël',NULL, NULL, NULL),
(632,4,	NULL,	NULL,	NULL, 'Nealon', 'Michèle',NULL, NULL, NULL),
(633,4,	NULL,	NULL,	NULL, 'Ironside', 'Gwenaëlle',NULL, NULL, NULL),
(634,4,	NULL,	NULL,	NULL, 'Sclanders', 'Irène',NULL, NULL, NULL),
(635,4,	NULL,	NULL,	NULL, 'Connealy', 'Erwéi',NULL, NULL, NULL),
(636,4,	NULL,	NULL,	NULL, 'Brane', 'Amélie',NULL, NULL, NULL),
(637,4,	NULL,	NULL,	NULL, 'Nelles', 'Gösta',NULL, NULL, NULL),
(638,4,	NULL,	NULL,	NULL, 'Hewes', 'Méline',NULL, NULL, NULL),
(639,4,	NULL,	NULL,	NULL, 'Bechley', 'Mà',NULL, NULL, NULL),
(640,4,	NULL,	NULL,	NULL, 'Raulston', 'Kù',NULL, NULL, NULL),
(641,4,	NULL,	NULL,	NULL, 'Saph', 'Marie-hélène',NULL, NULL, NULL),
(642,4,	NULL,	NULL,	NULL, 'Collar', 'Maëly',NULL, NULL, NULL),
(643,4,	NULL,	NULL,	NULL, 'Seilmann', 'Marie-françoise',NULL, NULL, NULL),
(644,4,	NULL,	NULL,	NULL, 'Corde', 'Eugénie',NULL, NULL, NULL),
(645,4,	NULL,	NULL,	NULL, 'Zylberdik', 'Adélaïde',NULL, NULL, NULL),
(646,4,	NULL,	NULL,	NULL, 'Dowden', 'Irène',NULL, NULL, NULL),
(647,4,	NULL,	NULL,	NULL, 'Mosdell', 'Loïca',NULL, NULL, NULL),
(648,4,	NULL,	NULL,	NULL, 'Costain', 'Lén',NULL, NULL, NULL),
(649,4,	NULL,	NULL,	NULL, 'Brownjohn', 'Maëlys',NULL, NULL, NULL),
(650,4,	NULL,	NULL,	NULL, 'Vanstone', 'Eugénie',NULL, NULL, NULL),
(651,4,	NULL,	NULL,	NULL, 'Krout', 'Océane',NULL, NULL, NULL),
(652,4,	NULL,	NULL,	NULL, 'Britland', 'Mahélie',NULL, NULL, NULL),
(653,4,	NULL,	NULL,	NULL, 'Izzard', 'Marie-josée',NULL, NULL, NULL),
(654,4,	NULL,	NULL,	NULL, 'Enric', 'Célestine',NULL, NULL, NULL),
(655,4,	NULL,	NULL,	NULL, 'Johl', 'Illustrée',NULL, NULL, NULL),
(656,4,	NULL,	NULL,	NULL, 'Vasilchikov', 'Maïlis',NULL, NULL, NULL),
(657,4,	NULL,	NULL,	NULL, 'Bryer', 'Marie-thérèse',NULL, NULL, NULL),
(658,4,	NULL,	NULL,	NULL, 'Mabbe', 'Réjane',NULL, NULL, NULL),
(659,4,	NULL,	NULL,	NULL, 'Golland', 'Annotés',NULL, NULL, NULL),
(660,4,	NULL,	NULL,	NULL, 'Markus', 'Nuó',NULL, NULL, NULL),
(661,4,	NULL,	NULL,	NULL, 'Stanistrete', 'Loïc',NULL, NULL, NULL),
(662,4,	NULL,	NULL,	NULL, 'Lissandrini', 'Eliès',NULL, NULL, NULL),
(663,4,	NULL,	NULL,	NULL, 'Ayris', 'Dorothée',NULL, NULL, NULL),
(664,4,	NULL,	NULL,	NULL, 'Stables', 'Régine',NULL, NULL, NULL),
(665,4,	NULL,	NULL,	NULL, 'Reeveley', 'Aí',NULL, NULL, NULL),
(666,4,	NULL,	NULL,	NULL, 'Mallion', 'Marylène',NULL, NULL, NULL),
(667,4,	NULL,	NULL,	NULL, 'Peirce', 'Erwéi',NULL, NULL, NULL),
(668,4,	NULL,	NULL,	NULL, 'Radnage', 'Salomé',NULL, NULL, NULL),
(669,4,	NULL,	NULL,	NULL, 'Liell', 'Audréanne',NULL, NULL, NULL),
(670,4,	NULL,	NULL,	NULL, 'Vautre', 'Eléa',NULL, NULL, NULL),
(671,4,	NULL,	NULL,	NULL, 'Parrin', 'Danièle',NULL, NULL, NULL),
(672,4,	NULL,	NULL,	NULL, 'Jansik', 'Frédérique',NULL, NULL, NULL),
(673,4,	NULL,	NULL,	NULL, 'Caddell', 'Publicité',NULL, NULL, NULL),
(674,4,	NULL,	NULL,	NULL, 'Freak', 'Célia',NULL, NULL, NULL),
(675,4,	NULL,	NULL,	NULL, 'Faircley', 'Magdalène',NULL, NULL, NULL),
(676,4,	NULL,	NULL,	NULL, 'Ashe', 'Zhì',NULL, NULL, NULL),
(677,4,	NULL,	NULL,	NULL, 'Duckett', 'Örjan',NULL, NULL, NULL),
(678,4,	NULL,	NULL,	NULL, 'Muncie', 'Judicaël',NULL, NULL, NULL),
(679,4,	NULL,	NULL,	NULL, 'Tedahl', 'Görel',NULL, NULL, NULL),
(680,4,	NULL,	NULL,	NULL, 'Meeny', 'Mà',NULL, NULL, NULL),
(681,4,	NULL,	NULL,	NULL, 'Andryushchenko', 'Erwéi',NULL, NULL, NULL),
(682,4,	NULL,	NULL,	NULL, 'Aucutt', 'Gaétane',NULL, NULL, NULL),
(683,4,	NULL,	NULL,	NULL, 'Cowlishaw', 'Agnès',NULL, NULL, NULL),
(684,4,	NULL,	NULL,	NULL, 'Grabbam', 'Léonore',NULL, NULL, NULL),
(685,4,	NULL,	NULL,	NULL, 'Antyukhin', 'Kévina',NULL, NULL, NULL),
(686,4,	NULL,	NULL,	NULL, 'Brice', 'Ráo',NULL, NULL, NULL),
(687,4,	NULL,	NULL,	NULL, 'Eagling', 'Dafnée',NULL, NULL, NULL),
(688,4,	NULL,	NULL,	NULL, 'Cowell', 'Mélia',NULL, NULL, NULL),
(689,4,	NULL,	NULL,	NULL, 'Bend', 'Thérèsa',NULL, NULL, NULL),
(690,4,	NULL,	NULL,	NULL, 'Lenney', 'Léonie',NULL, NULL, NULL),
(691,4,	NULL,	NULL,	NULL, 'McAdam', 'Mén',NULL, NULL, NULL),
(692,4,	NULL,	NULL,	NULL, 'Buckleigh', 'Maëline',NULL, NULL, NULL),
(693,4,	NULL,	NULL,	NULL, 'Braniff', 'Anaëlle',NULL, NULL, NULL),
(694,4,	NULL,	NULL,	NULL, 'Cayton', 'Lucrèce',NULL, NULL, NULL),
(695,4,	NULL,	NULL,	NULL, 'Crosbie', 'Ruò',NULL, NULL, NULL),
(696,4,	NULL,	NULL,	NULL, 'Selliman', 'Eléa',NULL, NULL, NULL),
(697,4,	NULL,	NULL,	NULL, 'Downey', 'Mårten',NULL, NULL, NULL),
(698,4,	NULL,	NULL,	NULL, 'Pollendine', 'Maëlle',NULL, NULL, NULL),
(699,4,	NULL,	NULL,	NULL, 'Alsford', 'Zhì',NULL, NULL, NULL),
(700,4,	NULL,	NULL,	NULL, 'Kuhlen', 'Nadège',NULL, NULL, NULL),
(701,4,	NULL,	NULL,	NULL, 'Meiner', 'Mélodie',NULL, NULL, NULL),
(702,4,	NULL,	NULL,	NULL, 'De Mattei', 'Félicie',NULL, NULL, NULL),
(703,4,	NULL,	NULL,	NULL, 'Figgs', 'Marie-thérèse',NULL, NULL, NULL),
(704,4,	NULL,	NULL,	NULL, 'Langelaan', 'Léonore',NULL, NULL, NULL),
(705,4,	NULL,	NULL,	NULL, 'Narrie', 'Magdalène',NULL, NULL, NULL),
(706,4,	NULL,	NULL,	NULL, 'Ceeley', 'Lyséa',NULL, NULL, NULL),
(707,4,	NULL,	NULL,	NULL, 'Adame', 'Anaé',NULL, NULL, NULL),
(708,4,	NULL,	NULL,	NULL, 'Hillin', 'Lauréna',NULL, NULL, NULL),
(709,4,	NULL,	NULL,	NULL, 'Casarili', 'Séréna',NULL, NULL, NULL),
(710,4,	NULL,	NULL,	NULL, 'Giacomini', 'Aí',NULL, NULL, NULL),
(711,4,	NULL,	NULL,	NULL, 'Kippen', 'Séréna',NULL, NULL, NULL),
(712,4,	NULL,	NULL,	NULL, 'Carrodus', 'Gösta',NULL, NULL, NULL),
(713,4,	NULL,	NULL,	NULL, 'Murrey', 'Joséphine',NULL, NULL, NULL),
(714,4,	NULL,	NULL,	NULL, 'Tratton', 'Fèi',NULL, NULL, NULL),
(715,4,	NULL,	NULL,	NULL, 'Stallworth', 'Angélique',NULL, NULL, NULL),
(716,4,	NULL,	NULL,	NULL, 'Varndell', 'Lài',NULL, NULL, NULL),
(717,4,	NULL,	NULL,	NULL, 'Thorogood', 'Agnès',NULL, NULL, NULL),
(718,4,	NULL,	NULL,	NULL, 'Hargey', 'Faîtes',NULL, NULL, NULL),
(719,4,	NULL,	NULL,	NULL, 'Shipp', 'Illustrée',NULL, NULL, NULL),
(720,4,	NULL,	NULL,	NULL, 'Snar', 'Inès',NULL, NULL, NULL),
(721,4,	NULL,	NULL,	NULL, 'Sewter', 'Naëlle',NULL, NULL, NULL),
(722,4,	NULL,	NULL,	NULL, 'Wordsley', 'Kallisté',NULL, NULL, NULL),
(723,4,	NULL,	NULL,	NULL, 'Kearey', 'Adélaïde',NULL, NULL, NULL),
(724,4,	NULL,	NULL,	NULL, 'Kitteman', 'Noémie',NULL, NULL, NULL),
(725,4,	NULL,	NULL,	NULL, 'Jaycock', 'Kallisté',NULL, NULL, NULL),
(726,4,	NULL,	NULL,	NULL, 'Ponting', 'Uò',NULL, NULL, NULL),
(727,4,	NULL,	NULL,	NULL, 'Cornehl', 'Gaïa',NULL, NULL, NULL),
(728,4,	NULL,	NULL,	NULL, 'MacRury', 'Mélina',NULL, NULL, NULL),
(729,4,	NULL,	NULL,	NULL, 'Barabisch', 'Clémentine',NULL, NULL, NULL),
(730,4,	NULL,	NULL,	NULL, 'Wigley', 'Audréanne',NULL, NULL, NULL),
(731,4,	NULL,	NULL,	NULL, 'McShirrie', 'Eliès',NULL, NULL, NULL),
(732,4,	NULL,	NULL,	NULL, 'Tourner', 'Gisèle',NULL, NULL, NULL),
(733,4,	NULL,	NULL,	NULL, 'Cinavas', 'Dorothée',NULL, NULL, NULL),
(734,4,	NULL,	NULL,	NULL, 'Spickett', 'Daphnée',NULL, NULL, NULL),
(735,4,	NULL,	NULL,	NULL, 'Wanless', 'Françoise',NULL, NULL, NULL),
(736,4,	NULL,	NULL,	NULL, 'McHale', 'Aurélie',NULL, NULL, NULL),
(737,4,	NULL,	NULL,	NULL, 'Southworth', 'Lài',NULL, NULL, NULL),
(738,4,	NULL,	NULL,	NULL, 'Chisholme', 'Yénora',NULL, NULL, NULL),
(739,4,	NULL,	NULL,	NULL, 'D'' Angelo', 'Mélanie',NULL, NULL, NULL),
(740,4,	NULL,	NULL,	NULL, 'Aiskrigg', 'Andréa',NULL, NULL, NULL),
(741,4,	NULL,	NULL,	NULL, 'Scalera', 'Célia',NULL, NULL, NULL),
(742,4,	NULL,	NULL,	NULL, 'Goodanew', 'Noëlla',NULL, NULL, NULL),
(743,4,	NULL,	NULL,	NULL, 'Jotham', 'Athéna',NULL, NULL, NULL),
(744,4,	NULL,	NULL,	NULL, 'Dahlborg', 'Torbjörn',NULL, NULL, NULL),
(745,4,	NULL,	NULL,	NULL, 'Thaller', 'Laurélie',NULL, NULL, NULL),
(746,4,	NULL,	NULL,	NULL, 'Eckery', 'Adèle',NULL, NULL, NULL),
(747,4,	NULL,	NULL,	NULL, 'Kochl', 'Françoise',NULL, NULL, NULL),
(748,4,	NULL,	NULL,	NULL, 'Nuttall', 'Stévina',NULL, NULL, NULL),
(749,4,	NULL,	NULL,	NULL, 'Meller', 'Maëlla',NULL, NULL, NULL),
(750,4,	NULL,	NULL,	NULL, 'Thain', 'Eugénie',NULL, NULL, NULL),
(751,4,	NULL,	NULL,	NULL, 'ffrench Beytagh', 'Jú',NULL, NULL, NULL),
(752,4,	NULL,	NULL,	NULL, 'Haucke', 'Ruì',NULL, NULL, NULL),
(753,4,	NULL,	NULL,	NULL, 'Crease', 'Naëlle',NULL, NULL, NULL),
(754,4,	NULL,	NULL,	NULL, 'Fryatt', 'Esbjörn',NULL, NULL, NULL),
(755,4,	NULL,	NULL,	NULL, 'Agostini', 'Mylène',NULL, NULL, NULL),
(756,4,	NULL,	NULL,	NULL, 'Latty', 'Mylène',NULL, NULL, NULL),
(757,4,	NULL,	NULL,	NULL, 'Took', 'Andréa',NULL, NULL, NULL),
(758,4,	NULL,	NULL,	NULL, 'Culcheth', 'Aí',NULL, NULL, NULL),
(759,4,	NULL,	NULL,	NULL, 'Ashment', 'Néhémie',NULL, NULL, NULL),
(760,4,	NULL,	NULL,	NULL, 'MacCaghan', 'Gaétane',NULL, NULL, NULL),
(761,4,	NULL,	NULL,	NULL, 'Dachey', 'Céline',NULL, NULL, NULL),
(762,4,	NULL,	NULL,	NULL, 'Speerman', 'Océanne',NULL, NULL, NULL),
(763,4,	NULL,	NULL,	NULL, 'Baswall', 'Néhémie',NULL, NULL, NULL),
(764,4,	NULL,	NULL,	NULL, 'Goldney', 'Laïla',NULL, NULL, NULL),
(765,4,	NULL,	NULL,	NULL, 'McKinn', 'Rachèle',NULL, NULL, NULL),
(766,4,	NULL,	NULL,	NULL, 'Whyard', 'Maïwenn',NULL, NULL, NULL),
(767,4,	NULL,	NULL,	NULL, 'Delion', 'Andrée',NULL, NULL, NULL),
(768,4,	NULL,	NULL,	NULL, 'Yousef', 'Bécassine',NULL, NULL, NULL),
(769,4,	NULL,	NULL,	NULL, 'Rider', 'Åslög',NULL, NULL, NULL),
(770,4,	NULL,	NULL,	NULL, 'Bedboro', 'Thérèse',NULL, NULL, NULL),
(771,4,	NULL,	NULL,	NULL, 'Ewin', 'Léandre',NULL, NULL, NULL),
(772,4,	NULL,	NULL,	NULL, 'Scardifeild', 'Pénélope',NULL, NULL, NULL),
(773,4,	NULL,	NULL,	NULL, 'Oliveto', 'Cléa',NULL, NULL, NULL),
(774,4,	NULL,	NULL,	NULL, 'Steffan', 'Adélie',NULL, NULL, NULL),
(775,4,	NULL,	NULL,	NULL, 'Lyfield', 'Görel',NULL, NULL, NULL),
(776,4,	NULL,	NULL,	NULL, 'Gilcrist', 'Maéna',NULL, NULL, NULL),
(777,4,	NULL,	NULL,	NULL, 'Paynton', 'Mélodie',NULL, NULL, NULL),
(778,4,	NULL,	NULL,	NULL, 'Zecchinii', 'Joséphine',NULL, NULL, NULL),
(779,4,	NULL,	NULL,	NULL, 'Hexam', 'Lorène',NULL, NULL, NULL),
(780,4,	NULL,	NULL,	NULL, 'Luff', 'Gaïa',NULL, NULL, NULL),
(781,4,	NULL,	NULL,	NULL, 'Rusted', 'Garçon',NULL, NULL, NULL),
(782,4,	NULL,	NULL,	NULL, 'Gargett', 'Eléonore',NULL, NULL, NULL),
(783,4,	NULL,	NULL,	NULL, 'Hamshaw', 'Lèi',NULL, NULL, NULL),
(784,4,	NULL,	NULL,	NULL, 'Nozzolii', 'Danièle',NULL, NULL, NULL),
(785,4,	NULL,	NULL,	NULL, 'Hollebon', 'Jú',NULL, NULL, NULL),
(786,4,	NULL,	NULL,	NULL, 'MacDonald', 'Dafnée',NULL, NULL, NULL),
(787,4,	NULL,	NULL,	NULL, 'Bicheno', 'Lyséa',NULL, NULL, NULL),
(788,4,	NULL,	NULL,	NULL, 'St Quenin', 'Léonore',NULL, NULL, NULL),
(789,4,	NULL,	NULL,	NULL, 'Deeney', 'Wá',NULL, NULL, NULL),
(790,4,	NULL,	NULL,	NULL, 'Schwandermann', 'Océanne',NULL, NULL, NULL),
(791,4,	NULL,	NULL,	NULL, 'Champness', 'Kévina',NULL, NULL, NULL),
(792,4,	NULL,	NULL,	NULL, 'Ellacott', 'Océanne',NULL, NULL, NULL),
(793,4,	NULL,	NULL,	NULL, 'Zoanetti', 'Dafnée',NULL, NULL, NULL),
(794,4,	NULL,	NULL,	NULL, 'Matschke', 'Almérinda',NULL, NULL, NULL),
(795,4,	NULL,	NULL,	NULL, 'Josefs', 'Eléa',NULL, NULL, NULL),
(796,4,	NULL,	NULL,	NULL, 'Winston', 'Vérane',NULL, NULL, NULL),
(797,4,	NULL,	NULL,	NULL, 'Vereker', 'Björn',NULL, NULL, NULL),
(798,4,	NULL,	NULL,	NULL, 'Stoakes', 'Mégane',NULL, NULL, NULL),
(799,4,	NULL,	NULL,	NULL, 'McLeese', 'Illustrée',NULL, NULL, NULL),
(800,4,	NULL,	NULL,	NULL, 'Brockley', 'Marie-françoise',NULL, NULL, NULL),
(801,4,	NULL,	NULL,	NULL, 'Wheelwright', 'Lén',NULL, NULL, NULL),
(802,4,	NULL,	NULL,	NULL, 'Pickaver', 'Inès',NULL, NULL, NULL),
(803,4,	NULL,	NULL,	NULL, 'Tolfrey', 'Maëlyss',NULL, NULL, NULL),
(804,4,	NULL,	NULL,	NULL, 'Seeger', 'Méryl',NULL, NULL, NULL),
(805,4,	NULL,	NULL,	NULL, 'Monroe', 'Vérane',NULL, NULL, NULL),
(806,4,	NULL,	NULL,	NULL, 'Alam', 'Méline',NULL, NULL, NULL),
(807,4,	NULL,	NULL,	NULL, 'Alstead', 'Ophélie',NULL, NULL, NULL),
(808,4,	NULL,	NULL,	NULL, 'Duxbury', 'Edmée',NULL, NULL, NULL),
(809,4,	NULL,	NULL,	NULL, 'Wildblood', 'Méng',NULL, NULL, NULL),
(810,4,	NULL,	NULL,	NULL, 'Bridson', 'Ruì',NULL, NULL, NULL),
(811,4,	NULL,	NULL,	NULL, 'Hadgkiss', 'Cinéma',NULL, NULL, NULL),
(812,4,	NULL,	NULL,	NULL, 'Brickdale', 'Irène',NULL, NULL, NULL),
(813,4,	NULL,	NULL,	NULL, 'Ferencowicz', 'Loïc',NULL, NULL, NULL),
(814,4,	NULL,	NULL,	NULL, 'Laverenz', 'Hélène',NULL, NULL, NULL),
(815,4,	NULL,	NULL,	NULL, 'Segeswoeth', 'Kuí',NULL, NULL, NULL),
(816,4,	NULL,	NULL,	NULL, 'Ridel', 'Inès',NULL, NULL, NULL),
(817,4,	NULL,	NULL,	NULL, 'Korneluk', 'Táng',NULL, NULL, NULL),
(818,4,	NULL,	NULL,	NULL, 'De Winton', 'Kuí',NULL, NULL, NULL),
(819,4,	NULL,	NULL,	NULL, 'Odo', 'Lóng',NULL, NULL, NULL),
(820,4,	NULL,	NULL,	NULL, 'Doblin', 'Mén',NULL, NULL, NULL),
(821,4,	NULL,	NULL,	NULL, 'Gent', 'Andréanne',NULL, NULL, NULL),
(822,4,	NULL,	NULL,	NULL, 'Pinyon', 'Estève',NULL, NULL, NULL),
(823,4,	NULL,	NULL,	NULL, 'Cosstick', 'Annotés',NULL, NULL, NULL),
(824,4,	NULL,	NULL,	NULL, 'Marr', 'Garçon',NULL, NULL, NULL),
(825,4,	NULL,	NULL,	NULL, 'Hampson', 'Laurélie',NULL, NULL, NULL),
(826,4,	NULL,	NULL,	NULL, 'Duffett', 'Lyséa',NULL, NULL, NULL),
(827,4,	NULL,	NULL,	NULL, 'Cuell', 'Kévina',NULL, NULL, NULL),
(828,4,	NULL,	NULL,	NULL, 'Archell', 'Méng',NULL, NULL, NULL),
(829,4,	NULL,	NULL,	NULL, 'Curr', 'Stévina',NULL, NULL, NULL),
(830,4,	NULL,	NULL,	NULL, 'Solland', 'Naëlle',NULL, NULL, NULL),
(831,4,	NULL,	NULL,	NULL, 'Adanez', 'Loïc',NULL, NULL, NULL),
(832,4,	NULL,	NULL,	NULL, 'Arrell', 'Valérie',NULL, NULL, NULL),
(833,4,	NULL,	NULL,	NULL, 'Finlay', 'Almérinda',NULL, NULL, NULL),
(834,4,	NULL,	NULL,	NULL, 'Zywicki', 'Méng',NULL, NULL, NULL),
(835,4,	NULL,	NULL,	NULL, 'Ghidetti', 'Séréna',NULL, NULL, NULL),
(836,4,	NULL,	NULL,	NULL, 'Sket', 'Cécile',NULL, NULL, NULL),
(837,4,	NULL,	NULL,	NULL, 'Siddele', 'Danièle',NULL, NULL, NULL),
(838,4,	NULL,	NULL,	NULL, 'Ablitt', 'Måns',NULL, NULL, NULL),
(839,4,	NULL,	NULL,	NULL, 'Lafay', 'Anaé',NULL, NULL, NULL),
(840,4,	NULL,	NULL,	NULL, 'Marling', 'Judicaël',NULL, NULL, NULL),
(841,4,	NULL,	NULL,	NULL, 'Millhouse', 'Marie-hélène',NULL, NULL, NULL),
(842,4,	NULL,	NULL,	NULL, 'Fontaine', 'Françoise',NULL, NULL, NULL),
(843,4,	NULL,	NULL,	NULL, 'Jewett', 'Aimée',NULL, NULL, NULL),
(844,4,	NULL,	NULL,	NULL, 'Winning', 'Léone',NULL, NULL, NULL),
(845,4,	NULL,	NULL,	NULL, 'Lowles', 'Adélaïde',NULL, NULL, NULL),
(846,4,	NULL,	NULL,	NULL, 'Castles', 'Audréanne',NULL, NULL, NULL),
(847,4,	NULL,	NULL,	NULL, 'Smithen', 'Marie-thérèse',NULL, NULL, NULL),
(848,4,	NULL,	NULL,	NULL, 'Ledgard', 'Stévina',NULL, NULL, NULL),
(849,4,	NULL,	NULL,	NULL, 'Sinson', 'Pål',NULL, NULL, NULL),
(850,4,	NULL,	NULL,	NULL, 'Apfel', 'Bérénice',NULL, NULL, NULL),
(851,4,	NULL,	NULL,	NULL, 'Morch', 'Athéna',NULL, NULL, NULL),
(852,4,	NULL,	NULL,	NULL, 'Cartmail', 'Frédérique',NULL, NULL, NULL),
(853,4,	NULL,	NULL,	NULL, 'Jouhandeau', 'Méthode',NULL, NULL, NULL),
(854,4,	NULL,	NULL,	NULL, 'Chaffer', 'Intéressant',NULL, NULL, NULL),
(855,4,	NULL,	NULL,	NULL, 'Crofthwaite', 'Thérèsa',NULL, NULL, NULL),
(856,4,	NULL,	NULL,	NULL, 'Whitebread', 'Méng',NULL, NULL, NULL),
(857,4,	NULL,	NULL,	NULL, 'Jillard', 'Amélie',NULL, NULL, NULL),
(858,4,	NULL,	NULL,	NULL, 'Friedank', 'Daphnée',NULL, NULL, NULL),
(859,4,	NULL,	NULL,	NULL, 'Kilsby', 'Clémence',NULL, NULL, NULL),
(860,4,	NULL,	NULL,	NULL, 'O''Bradane', 'Thérèse',NULL, NULL, NULL),
(861,4,	NULL,	NULL,	NULL, 'Whiteland', 'Séverine',NULL, NULL, NULL),
(862,4,	NULL,	NULL,	NULL, 'Rosiello', 'Camélia',NULL, NULL, NULL),
(863,4,	NULL,	NULL,	NULL, 'Spilling', 'Célia',NULL, NULL, NULL),
(864,4,	NULL,	NULL,	NULL, 'Baseley', 'Adélaïde',NULL, NULL, NULL),
(865,4,	NULL,	NULL,	NULL, 'Batchelour', 'Zoé',NULL, NULL, NULL),
(866,4,	NULL,	NULL,	NULL, 'Hulmes', 'Estève',NULL, NULL, NULL),
(867,4,	NULL,	NULL,	NULL, 'Paute', 'Cunégonde',NULL, NULL, NULL),
(868,4,	NULL,	NULL,	NULL, 'Aitken', 'Maëlyss',NULL, NULL, NULL),
(869,4,	NULL,	NULL,	NULL, 'Ayre', 'Méline',NULL, NULL, NULL),
(870,4,	NULL,	NULL,	NULL, 'Stoke', 'Noëlla',NULL, NULL, NULL),
(871,4,	NULL,	NULL,	NULL, 'Kornilov', 'Pò',NULL, NULL, NULL),
(872,4,	NULL,	NULL,	NULL, 'Labro', 'Cécilia',NULL, NULL, NULL),
(873,4,	NULL,	NULL,	NULL, 'Worman', 'Uò',NULL, NULL, NULL),
(874,4,	NULL,	NULL,	NULL, 'De La Haye', 'Irène',NULL, NULL, NULL),
(875,4,	NULL,	NULL,	NULL, 'Andreucci', 'Maëly',NULL, NULL, NULL),
(876,4,	NULL,	NULL,	NULL, 'Newbigging', 'Maïlys',NULL, NULL, NULL),
(877,4,	NULL,	NULL,	NULL, 'Dudley', 'Örjan',NULL, NULL, NULL),
(878,4,	NULL,	NULL,	NULL, 'Moultrie', 'Maïlis',NULL, NULL, NULL),
(879,4,	NULL,	NULL,	NULL, 'Conibear', 'Marie-ève',NULL, NULL, NULL),
(880,4,	NULL,	NULL,	NULL, 'Batchelour', 'Léone',NULL, NULL, NULL),
(881,4,	NULL,	NULL,	NULL, 'Coath', 'Mélys',NULL, NULL, NULL),
(882,4,	NULL,	NULL,	NULL, 'Ivanyushkin', 'Maïlis',NULL, NULL, NULL),
(883,4,	NULL,	NULL,	NULL, 'Fireman', 'Åsa',NULL, NULL, NULL),
(884,4,	NULL,	NULL,	NULL, 'McDermott', 'Irène',NULL, NULL, NULL),
(885,4,	NULL,	NULL,	NULL, 'Yeld', 'Maïly',NULL, NULL, NULL),
(886,4,	NULL,	NULL,	NULL, 'Cowoppe', 'Stéphanie',NULL, NULL, NULL),
(887,4,	NULL,	NULL,	NULL, 'Runciman', 'Lén',NULL, NULL, NULL),
(888,4,	NULL,	NULL,	NULL, 'Irvine', 'Félicie',NULL, NULL, NULL),
(889,4,	NULL,	NULL,	NULL, 'Chiles', 'Dorothée',NULL, NULL, NULL),
(890,4,	NULL,	NULL,	NULL, 'Twatt', 'Bérangère',NULL, NULL, NULL),
(891,4,	NULL,	NULL,	NULL, 'Cyster', 'Marylène',NULL, NULL, NULL),
(892,4,	NULL,	NULL,	NULL, 'Chansonnau', 'Måns',NULL, NULL, NULL),
(893,4,	NULL,	NULL,	NULL, 'Dalmon', 'Daphnée',NULL, NULL, NULL),
(894,4,	NULL,	NULL,	NULL, 'Nono', 'Cléopatre',NULL, NULL, NULL),
(895,4,	NULL,	NULL,	NULL, 'Cornforth', 'Östen',NULL, NULL, NULL),
(896,4,	NULL,	NULL,	NULL, 'Friman', 'Bénédicte',NULL, NULL, NULL),
(897,4,	NULL,	NULL,	NULL, 'Ayshford', 'Audréanne',NULL, NULL, NULL),
(898,4,	NULL,	NULL,	NULL, 'Kenworthey', 'Görel',NULL, NULL, NULL),
(899,4,	NULL,	NULL,	NULL, 'Layzell', 'Hélèna',NULL, NULL, NULL),
(900,4,	NULL,	NULL,	NULL, 'Corah', 'Andréanne',NULL, NULL, NULL),
(901,4,	NULL,	NULL,	NULL, 'Abbate', 'Sòng',NULL, NULL, NULL),
(902,4,	NULL,	NULL,	NULL, 'Croom', 'Méghane',NULL, NULL, NULL),
(903,4,	NULL,	NULL,	NULL, 'Reeks', 'Marlène',NULL, NULL, NULL),
(904,4,	NULL,	NULL,	NULL, 'Sabine', 'Géraldine',NULL, NULL, NULL),
(905,4,	NULL,	NULL,	NULL, 'Wellfare', 'Táng',NULL, NULL, NULL),
(906,4,	NULL,	NULL,	NULL, 'Baiss', 'Michèle',NULL, NULL, NULL),
(907,4,	NULL,	NULL,	NULL, 'Aindrais', 'Gaétane',NULL, NULL, NULL),
(908,4,	NULL,	NULL,	NULL, 'Darco', 'Lorène',NULL, NULL, NULL),
(909,4,	NULL,	NULL,	NULL, 'Tschierse', 'Agnès',NULL, NULL, NULL),
(910,4,	NULL,	NULL,	NULL, 'Hawksworth', 'Rachèle',NULL, NULL, NULL),
(911,4,	NULL,	NULL,	NULL, 'Capponer', 'Adèle',NULL, NULL, NULL),
(912,4,	NULL,	NULL,	NULL, 'Wharin', 'Renée',NULL, NULL, NULL),
(913,4,	NULL,	NULL,	NULL, 'Jocic', 'Maï',NULL, NULL, NULL),
(914,4,	NULL,	NULL,	NULL, 'Angric', 'Gösta',NULL, NULL, NULL),
(915,4,	NULL,	NULL,	NULL, 'Willowby', 'Simplifiés',NULL, NULL, NULL),
(916,4,	NULL,	NULL,	NULL, 'Chadbourn', 'Zoé',NULL, NULL, NULL),
(917,4,	NULL,	NULL,	NULL, 'Schlagtmans', 'Mélodie',NULL, NULL, NULL),
(918,4,	NULL,	NULL,	NULL, 'Pawelek', 'Mélodie',NULL, NULL, NULL),
(919,4,	NULL,	NULL,	NULL, 'Gagin', 'Laurène',NULL, NULL, NULL),
(920,4,	NULL,	NULL,	NULL, 'Mansford', 'Clémence',NULL, NULL, NULL),
(921,4,	NULL,	NULL,	NULL, 'Grigorini', 'Géraldine',NULL, NULL, NULL),
(922,4,	NULL,	NULL,	NULL, 'Walliker', 'Kévina',NULL, NULL, NULL),
(923,4,	NULL,	NULL,	NULL, 'Bryett', 'Bérénice',NULL, NULL, NULL),
(924,4,	NULL,	NULL,	NULL, 'Noods', 'Solène',NULL, NULL, NULL),
(925,4,	NULL,	NULL,	NULL, 'Reucastle', 'Méryl',NULL, NULL, NULL),
(926,4,	NULL,	NULL,	NULL, 'Mc Queen', 'Léandre',NULL, NULL, NULL),
(927,4,	NULL,	NULL,	NULL, 'Kibblewhite', 'Adèle',NULL, NULL, NULL),
(928,4,	NULL,	NULL,	NULL, 'Goforth', 'Noëlla',NULL, NULL, NULL),
(929,4,	NULL,	NULL,	NULL, 'Sam', 'Angélique',NULL, NULL, NULL),
(930,4,	NULL,	NULL,	NULL, 'Florez', 'Marlène',NULL, NULL, NULL),
(931,4,	NULL,	NULL,	NULL, 'Ceresa', 'Josée',NULL, NULL, NULL),
(932,4,	NULL,	NULL,	NULL, 'Bener', 'Laurène',NULL, NULL, NULL),
(933,4,	NULL,	NULL,	NULL, 'Rockhall', 'Maëlla',NULL, NULL, NULL),
(934,4,	NULL,	NULL,	NULL, 'Niche', 'Thérèse',NULL, NULL, NULL),
(935,4,	NULL,	NULL,	NULL, 'Haigh', 'Maëly',NULL, NULL, NULL),
(936,4,	NULL,	NULL,	NULL, 'Sweetmore', 'Eliès',NULL, NULL, NULL),
(937,4,	NULL,	NULL,	NULL, 'Basill', 'Daphnée',NULL, NULL, NULL),
(938,4,	NULL,	NULL,	NULL, 'Hampshire', 'Clélia',NULL, NULL, NULL),
(939,4,	NULL,	NULL,	NULL, 'Cervantes', 'Mélanie',NULL, NULL, NULL),
(940,4,	NULL,	NULL,	NULL, 'Middlemist', 'Mégane',NULL, NULL, NULL),
(941,4,	NULL,	NULL,	NULL, 'Scalera', 'Andrée',NULL, NULL, NULL),
(942,4,	NULL,	NULL,	NULL, 'Vitler', 'Séréna',NULL, NULL, NULL),
(943,4,	NULL,	NULL,	NULL, 'Pimblett', 'Gérald',NULL, NULL, NULL),
(944,4,	NULL,	NULL,	NULL, 'Lackeye', 'Lén',NULL, NULL, NULL),
(945,4,	NULL,	NULL,	NULL, 'Jacquemy', 'Maïwenn',NULL, NULL, NULL),
(946,4,	NULL,	NULL,	NULL, 'Baseggio', 'Estée',NULL, NULL, NULL),
(947,4,	NULL,	NULL,	NULL, 'MacAulay', 'Néhémie',NULL, NULL, NULL),
(948,4,	NULL,	NULL,	NULL, 'Tezure', 'Erwéi',NULL, NULL, NULL),
(949,4,	NULL,	NULL,	NULL, 'Petchey', 'Marylène',NULL, NULL, NULL),
(950,4,	NULL,	NULL,	NULL, 'Seleway', 'Lén',NULL, NULL, NULL),
(951,4,	NULL,	NULL,	NULL, 'Thame', 'Mà',NULL, NULL, NULL),
(952,4,	NULL,	NULL,	NULL, 'Tregona', 'Hélèna',NULL, NULL, NULL),
(953,4,	NULL,	NULL,	NULL, 'Forde', 'Eloïse',NULL, NULL, NULL),
(954,4,	NULL,	NULL,	NULL, 'Perrins', 'Bénédicte',NULL, NULL, NULL),
(955,4,	NULL,	NULL,	NULL, 'Chadbourne', 'Mélanie',NULL, NULL, NULL),
(956,4,	NULL,	NULL,	NULL, 'Robardley', 'Vérane',NULL, NULL, NULL),
(957,4,	NULL,	NULL,	NULL, 'McGinn', 'Cléopatre',NULL, NULL, NULL),
(958,4,	NULL,	NULL,	NULL, 'Wytchard', 'Vérane',NULL, NULL, NULL),
(959,4,	NULL,	NULL,	NULL, 'Pryor', 'Gaëlle',NULL, NULL, NULL),
(960,4,	NULL,	NULL,	NULL, 'Mityushin', 'Lóng',NULL, NULL, NULL),
(961,4,	NULL,	NULL,	NULL, 'Crutcher', 'Céline',NULL, NULL, NULL),
(962,4,	NULL,	NULL,	NULL, 'Gascoyen', 'Céline',NULL, NULL, NULL),
(963,4,	NULL,	NULL,	NULL, 'Bumphries', 'Eléa',NULL, NULL, NULL),
(964,4,	NULL,	NULL,	NULL, 'Thunnerclef', 'Adèle',NULL, NULL, NULL),
(965,4,	NULL,	NULL,	NULL, 'Kennington', 'Méng',NULL, NULL, NULL),
(966,4,	NULL,	NULL,	NULL, 'Brackenbury', 'Estève',NULL, NULL, NULL),
(967,4,	NULL,	NULL,	NULL, 'Peidro', 'Ruì',NULL, NULL, NULL),
(968,4,	NULL,	NULL,	NULL, 'Halliwell', 'Bécassine',NULL, NULL, NULL),
(969,4,	NULL,	NULL,	NULL, 'Lathbury', 'Bérangère',NULL, NULL, NULL),
(970,4,	NULL,	NULL,	NULL, 'Griggs', 'Örjan',NULL, NULL, NULL),
(971,4,	NULL,	NULL,	NULL, 'Anthes', 'Alizée',NULL, NULL, NULL),
(972,4,	NULL,	NULL,	NULL, 'Sagg', 'Lén',NULL, NULL, NULL),
(973,4,	NULL,	NULL,	NULL, 'Maletratt', 'Léonore',NULL, NULL, NULL),
(974,4,	NULL,	NULL,	NULL, 'Spellar', 'Françoise',NULL, NULL, NULL),
(975,4,	NULL,	NULL,	NULL, 'Jore', 'Judicaël',NULL, NULL, NULL),
(976,4,	NULL,	NULL,	NULL, 'Balchin', 'Annotée',NULL, NULL, NULL),
(977,4,	NULL,	NULL,	NULL, 'Perfili', 'Aimée',NULL, NULL, NULL),
(978,4,	NULL,	NULL,	NULL, 'Matskevich', 'Nadège',NULL, NULL, NULL),
(979,4,	NULL,	NULL,	NULL, 'Gullan', 'Méthode',NULL, NULL, NULL),
(980,4,	NULL,	NULL,	NULL, 'Millership', 'Cécilia',NULL, NULL, NULL),
(981,4,	NULL,	NULL,	NULL, 'Elijahu', 'Frédérique',NULL, NULL, NULL),
(982,4,	NULL,	NULL,	NULL, 'McJarrow', 'Méthode',NULL, NULL, NULL),
(983,4,	NULL,	NULL,	NULL, 'Yerborn', 'Marie-hélène',NULL, NULL, NULL),
(984,4,	NULL,	NULL,	NULL, 'Scotson', 'Pål',NULL, NULL, NULL),
(985,4,	NULL,	NULL,	NULL, 'Budnk', 'Méryl',NULL, NULL, NULL),
(986,4,	NULL,	NULL,	NULL, 'Tarborn', 'Pò',NULL, NULL, NULL),
(987,4,	NULL,	NULL,	NULL, 'Simonite', 'Maëly',NULL, NULL, NULL),
(988,4,	NULL,	NULL,	NULL, 'Forsdike', 'Béatrice',NULL, NULL, NULL),
(989,4,	NULL,	NULL,	NULL, 'Godin', 'Anaël',NULL, NULL, NULL),
(990,4,	NULL,	NULL,	NULL, 'McSorley', 'Sòng',NULL, NULL, NULL),
(991,4,	NULL,	NULL,	NULL, 'Pierce', 'Andrée',NULL, NULL, NULL),
(992,4,	NULL,	NULL,	NULL, 'McInnery', 'Maëlys',NULL, NULL, NULL),
(993,4,	NULL,	NULL,	NULL, 'Blune', 'Maïlis',NULL, NULL, NULL),
(994,4,	NULL,	NULL,	NULL, 'Gabbot', 'Séverine',NULL, NULL, NULL),
(995,4,	NULL,	NULL,	NULL, 'Butterick', 'Laïla',NULL, NULL, NULL),
(996,4,	NULL,	NULL,	NULL, 'Tapper', 'Maëlla',NULL, NULL, NULL),
(997,4,	NULL,	NULL,	NULL, 'Donovin', 'Gaïa',NULL, NULL, NULL),
(998,4,	NULL,	NULL,	NULL, 'Richel', 'Maï',NULL, NULL, NULL),
(999,4,	NULL,	NULL,	NULL, 'Nassie', 'Andréa',NULL, NULL, NULL);

SELECT SETVAL('tg_pers_cps_id_pers_cps_seq',1010);


INSERT INTO "tg_personne" ("id_personne", "id_genre", "id_dispo_comite", "id_cv", "id_civilite", "id_pers_cps", "lb_nom_usage", "lb_prenom", "cd_francophone", "lb_web_perso", "fonction", "dt_soutenance_these", "cv_renseigne") VALUES
(1,	1,	NULL,	NULL,	1,	1,	'Guesdon',	'Karim',	'Fr',	'www.cnrs.fr',	NULL,	NULL,	't'),
(2,	1,	NULL,	NULL,	1,	2,	'Dumond',	'Franck',	'Fr',	'www.anr.fr',	NULL,	NULL,	't'),
(3,	2,	NULL,	NULL,	2,	3,	'Roth',	'Chaney',	'Fr',	NULL,	NULL,	NULL,	't'),
(5,	2,	NULL,	NULL,	2,	NULL,	'Varron',	'Céline',	'Fr',	NULL,	NULL,	NULL,	'f'),
(6,	1,	NULL,	NULL,	1,	NULL,	'LEBON',	'Pierre',	'Fr',	NULL,	NULL,	NULL,	'f'),
(7,	1,	NULL,	NULL,	1,	NULL,	'DAUBERTIN',	'Alex',	'Fr',	'http://www.anr.fr',	NULL,	NULL,	'f'),
(8,	2,	NULL,	NULL,	2,	NULL,	'PAQUIRISSAMY',	'Aurélie',	'Fr',	NULL,	NULL,	NULL,	'f'),
(9,	2,	NULL,	NULL,	2,	NULL,	'ROULEAU',	'Béatrice',	'Fr',	NULL,	NULL,	NULL,	'f'),
(10,	2,	NULL,	NULL,	2,	NULL,	'GANNE',	'Delphine',	'Fr',	NULL,	NULL,	NULL,	'f'),
(11,	1,	NULL,	NULL,	1,	NULL,	'Breitwieser',	'Romain',	'Fr',	NULL,	NULL,	NULL,	'f'),
(12,	1,	NULL,	NULL,	1,	NULL,	'PINEL',	'Eric',	'Fr',	NULL,	NULL,	NULL,	'f'),
(13,	1,	NULL,	NULL,	1,	NULL,	'GRIGORIEV',	'Konstantin',	'Fr',	NULL,	NULL,	NULL,	'f'),
(14,	1,	NULL,	NULL,	1,	NULL,	'DUBOIS',	'Loïc',	'Fr',	NULL,	NULL,	NULL,	'f'),
(15,	1,	NULL,	NULL,	1,	NULL,	'BRICKS',	'Thibault',	'Fr',	NULL,	NULL,	NULL,	'f'),
(16,	1,	NULL,	NULL,	1,	NULL,	'ROUET',	'Vincent',	'Fr',	NULL,	NULL,	NULL,	'f'),
(17,	1,	NULL,	NULL,	1,	NULL,	'ECHAGÜE',	'Eugenio',	'Fr',	NULL,	NULL,	NULL,	'f'),
(18,	2,	NULL,	NULL,	2,	NULL,	'Gay',	'Sophie',	'Fr',	NULL,	NULL,	NULL,	'f'),
(19,	2,	NULL,	NULL,	2,	NULL,	'HOURCADE',	'Edith',	'Fr',	NULL,	NULL,	NULL,	'f'),
(20,	2,	NULL,	NULL,	2,	NULL,	'ARNULPHY',	'Béatrice',	'Fr',	NULL,	NULL,	NULL,	'f'),
(21,	2,	NULL,	NULL,	2,	NULL,	'HELFT',	'Florence',	'Fr',	NULL,	NULL,	NULL,	'f'),
(22,	1,	NULL,	NULL,	1,	NULL,	'MIA',	'Eric',	'Fr',	NULL,	NULL,	NULL,	'f'),
(23,	1,	NULL,	NULL,	1,	NULL,	'Toto',	'Titi',	'Fr',	NULL,	NULL,	NULL,	'f'),
(24,	1,	NULL,	NULL,	1,	NULL,	'TATA',	'TATA',	'Fr',	NULL,	NULL,	NULL,	'f'),
(25,	1,	NULL,	NULL,	1,	NULL,	'Pinel',	'Eric',	'Fr',	NULL,	NULL,	NULL,	'f'),
(26,	2,	NULL,	NULL,	2,	NULL,	'NOTO',	'Yuichi',	'Fr',	NULL,	NULL,	NULL,	'f'),
(27,	2,	NULL,	NULL,	2,	NULL,	'Aussant',	'Emilie',	'Fr',	NULL,	NULL,	NULL,	'f'),
(28,	1,	NULL,	NULL,	1,	4,	'Collin',	'Nicolas',	'Fr',	NULL,	NULL,	NULL,	't'),
(29,	1,	NULL,	NULL,	1,	5,	'Goigoux',	'Roland',	'Fr',	NULL,	NULL,	NULL,	't'),
(30,	2,	NULL,	NULL,	2,	6,	'Bonte',	'Milene',	'Fr',	NULL,	NULL,	NULL,	't'),
(31,	2,	NULL,	NULL,	2,	7,	'Huang',	'Q',	'Fr',	NULL,	NULL,	NULL,	't'),
(32,	1,	NULL,	NULL,	1,	8,	'NOTO',	'Yuichi',	'Fr',	NULL,	NULL,	NULL,	't'),
(33,	1,	NULL,	NULL,	1,	9,	'Pillet',	'JeanDamien',	'Fr',	NULL,	NULL,	NULL,	't'),
(34,	1,	NULL,	NULL,	1,	10,	'Brémond',	'Joël',	'Fr',	NULL,	NULL,	NULL,	't'),
(35,	2,	NULL,	NULL,	2,	11,	'Aussant',	'Emilie',	'Fr',	NULL,	NULL,	NULL,	't'),
(36,	1,	NULL,	NULL,	1,	12,	'Soubiran',	'Thomas',	'Fr',	NULL,	NULL,	NULL,	't'),
(37,	2,	NULL,	NULL,	2,	13,	'Wissel',	'Stephanie',	'Fr',	NULL,	NULL,	NULL,	't'),
(39,	1,	NULL,	NULL,	1,	15,	'PUCEAT',	'Michel',	'Fr',	NULL,	NULL,	NULL,	't'),
(40,	1,	NULL,	NULL,	1,	NULL,	'Leon',	'Clarke',	'Fr',	NULL,	NULL,	NULL,	't'),
(41,	1,	NULL,	NULL,	1,	16,	'Dupon',	'François',	'Fr',	NULL,	NULL,	NULL,	't'),
(42,	1,	NULL,	NULL,	1,	NULL,	'COBIGO',	'Alexandre',	'Fr',	NULL,	NULL,	NULL,	'f'),
(43,	2,	NULL,	NULL,	2,	NULL,	'SAUVAGET',	'Catherine',	'Fr',	NULL,	NULL,	NULL,	'f'),
(44,	2,	NULL,	NULL,	2,	NULL,	'BOUJDAINE',	'Fatiha',	'Fr',	NULL,	NULL,	NULL,	'f'),
(45,	2,	NULL,	NULL,	2,	NULL,	'CARRIVE',	'Jean',	'Fr',	NULL,	NULL,	NULL,	'f'),
(46,	1,	NULL,	NULL,	1,	NULL,	'TRT',	'TRUC',	'Fr',	NULL,	NULL,	NULL,	'f'),
(47,	1,	NULL,	NULL,	1,	NULL,	'ggf',	'gfgf',	'Fr',	NULL,	NULL,	NULL,	'f'),
(48,	1,	NULL,	NULL,	1,	NULL,	'trezyrezr',	'rzyzzryrzyr',	'Fr',	NULL,	NULL,	NULL,	'f'),
(49,	1,	NULL,	NULL,	1,	NULL,	'BREMOND',	'Joël',	'Fr',	NULL,	NULL,	NULL,	'f'),
(50,	2,	NULL,	NULL,	2,	NULL,	'dfdsg',	'fsgfgf',	'Fr',	NULL,	NULL,	NULL,	'f'),
(51,	2,	NULL,	NULL,	2,	NULL,	'ROTH',	'Chainey',	'Fr',	NULL,	NULL,	NULL,	'f'),
(52,	2,	NULL,	NULL,	2,	NULL,	'Aussant',	'Emilie',	'Fr',	NULL,	NULL,	NULL,	'f'),
(53,	1,	NULL,	NULL,	1,	NULL,	'ROTH',	'Chaney',	'Fr',	NULL,	NULL,	NULL,	'f'),
(55,	4,	NULL,	NULL,	NULL,	NULL,	'Momo',	'Momo',	NULL,	NULL,	NULL,	NULL,	't'),
(56,	NULL,	NULL,	NULL,	NULL,	NULL,	'zdzdzdzd',	'"Lorem ipsum zdz',	NULL,	NULL,	NULL,	NULL,	't'),
(70,	NULL,	NULL,	NULL,	NULL,	NULL,	'zdzdzdzd',	'Lorem ipsum zdz',	NULL,	NULL,	NULL,	NULL,	't'),
(71,	NULL,	NULL,	NULL,	NULL,	NULL,	'ad',	'ad',	NULL,	NULL,	'jjjjj',	NULL,	't'),
(73,	NULL,	NULL,	NULL,	NULL,	NULL,	'',	'',	NULL,	NULL,	NULL,	NULL,	't'),
(74,	NULL,	NULL,	NULL,	NULL,	NULL,	'',	'',	NULL,	NULL,	'',	NULL,	't'),
(75,	NULL,	NULL,	NULL,	NULL,	NULL,	'',	'',	NULL,	NULL,	NULL,	NULL,	't'),
(76,	NULL,	NULL,	NULL,	NULL,	NULL,	'',	'',	NULL,	NULL,	'',	NULL,	't'),
(77,	NULL,	NULL,	NULL,	NULL,	NULL,	'',	'',	NULL,	NULL,	NULL,	NULL,	't'),
(78,	NULL,	NULL,	NULL,	NULL,	NULL,	'',	'',	NULL,	NULL,	'',	NULL,	't'),
(79,	NULL,	NULL,	NULL,	NULL,	NULL,	'',	'',	NULL,	NULL,	NULL,	NULL,	't'),
(80,	NULL,	NULL,	NULL,	NULL,	NULL,	'',	'',	NULL,	NULL,	'',	NULL,	't'),
(81,	NULL,	NULL,	NULL,	NULL,	NULL,	'',	'',	NULL,	NULL,	NULL,	NULL,	't'),
(82,	NULL,	NULL,	NULL,	NULL,	NULL,	'',	'',	NULL,	NULL,	'',	NULL,	't'),
(83,	NULL,	NULL,	NULL,	NULL,	NULL,	'',	'',	NULL,	NULL,	NULL,	NULL,	't'),
(84,	NULL,	NULL,	NULL,	NULL,	NULL,	'',	'',	NULL,	NULL,	'',	NULL,	't'),
(85,	NULL,	NULL,	NULL,	NULL,	NULL,	'',	'',	NULL,	NULL,	NULL,	NULL,	't'),
(110,	NULL,	NULL,	NULL,	NULL,	NULL,	'',	'',	NULL,	NULL,	NULL,	NULL,	't'),
(111,	NULL,	NULL,	NULL,	NULL,	NULL,	'',	'',	NULL,	NULL,	'',	NULL,	't'),
(112,	NULL,	NULL,	NULL,	NULL,	NULL,	'',	'',	NULL,	NULL,	NULL,	NULL,	't'),
(114,	4,	NULL,	NULL,	NULL,	NULL,	'Catoire',	'Eric',	NULL,	NULL,	NULL,	NULL,	't'),
(115,	NULL,	NULL,	NULL,	NULL,	NULL,	'',	'',	NULL,	NULL,	NULL,	NULL,	't'),
(116,	NULL,	NULL,	NULL,	NULL,	NULL,	'',	'',	NULL,	NULL,	'',	NULL,	't'),
(117,	NULL,	NULL,	NULL,	NULL,	NULL,	'',	'',	NULL,	NULL,	NULL,	NULL,	't'),
(118,	NULL,	NULL,	NULL,	NULL,	NULL,	'',	'',	NULL,	NULL,	NULL,	NULL,	't'),
(119,	NULL,	NULL,	NULL,	NULL,	NULL,	'',	'',	NULL,	NULL,	'',	NULL,	't'),
(120,	NULL,	NULL,	NULL,	NULL,	NULL,	'DOE',	'John',	NULL,	NULL,	NULL,	NULL,	't'),
(121,	4,	NULL,	NULL,	NULL,	NULL,	'Momo',	'momo',	NULL,	NULL,	NULL,	NULL,	't'),
(129,	NULL,	NULL,	NULL,	NULL,	NULL,	'Catoire',	'Eric',	NULL,	NULL,	NULL,	NULL,	't'),
(122,	NULL,	NULL,	NULL,	NULL,	NULL,	'',	'',	NULL,	NULL,	NULL,	NULL,	't'),
(123,	NULL,	NULL,	NULL,	NULL,	NULL,	'',	'',	NULL,	NULL,	'',	NULL,	't'),
(124,	NULL,	NULL,	NULL,	NULL,	NULL,	'',	'',	NULL,	NULL,	NULL,	NULL,	't'),
(125,	NULL,	NULL,	NULL,	NULL,	NULL,	'',	'',	NULL,	NULL,	NULL,	NULL,	't'),
(126,	NULL,	NULL,	NULL,	NULL,	NULL,	'Nom dir labo',	'',	NULL,	NULL,	NULL,	NULL,	't'),
(127,	NULL,	NULL,	NULL,	NULL,	NULL,	'Autre',	'',	NULL,	NULL,	NULL,	NULL,	't'),
(128,	NULL,	NULL,	NULL,	NULL,	NULL,	'Nom dir labo',	'',	NULL,	NULL,	NULL,	NULL,	't'),
(134,	NULL,	NULL,	NULL,	NULL,	NULL,	'',	'',	NULL,	NULL,	NULL,	NULL,	't'),
(135,	NULL,	NULL,	NULL,	NULL,	NULL,	'',	'',	NULL,	NULL,	'',	NULL,	't'),
(136,	NULL,	NULL,	NULL,	NULL,	NULL,	'',	'',	NULL,	NULL,	NULL,	NULL,	't'),
(137,	NULL,	NULL,	NULL,	NULL,	NULL,	'',	'',	NULL,	NULL,	NULL,	NULL,	't'),
(138,	NULL,	NULL,	NULL,	NULL,	NULL,	'',	'',	NULL,	NULL,	'',	NULL,	't'),
(139,	NULL,	NULL,	NULL,	NULL,	NULL,	'',	'',	NULL,	NULL,	NULL,	NULL,	't'),
(140,	NULL,	NULL,	NULL,	NULL,	NULL,	'',	'',	NULL,	NULL,	'',	NULL,	't'),
(141,	NULL,	NULL,	NULL,	NULL,	NULL,	'',	'',	NULL,	NULL,	NULL,	NULL,	't'),
(142,	NULL,	NULL,	NULL,	NULL,	NULL,	'',	'',	NULL,	NULL,	NULL,	NULL,	't'),
(144,	NULL,	NULL,	NULL,	NULL,	NULL,	'',	'',	NULL,	NULL,	NULL,	NULL,	't'),
(145,	NULL,	NULL,	NULL,	NULL,	NULL,	'',	'',	NULL,	NULL,	NULL,	NULL,	't'),
(146,	NULL,	NULL,	NULL,	NULL,	NULL,	'',	'',	NULL,	NULL,	'',	NULL,	't'),
(147,	NULL,	NULL,	NULL,	NULL,	NULL,	'',	'',	NULL,	NULL,	NULL,	NULL,	't'),
(148,	NULL,	NULL,	NULL,	NULL,	NULL,	'',	'',	NULL,	NULL,	NULL,	NULL,	't'),
(149,	NULL,	NULL,	NULL,	NULL,	NULL,	'',	'',	NULL,	NULL,	NULL,	NULL,	't'),
(150,	4,	NULL,	NULL,	NULL,	NULL,	'Catoire',	'Eric',	NULL,	NULL,	NULL,	NULL,	't'),
(151,	NULL,	NULL,	NULL,	NULL,	NULL,	'Nom resp suivi adm.',	'prenom suivi adm',	NULL,	NULL,	NULL,	NULL,	't'),
(152,	NULL,	NULL,	NULL,	NULL,	NULL,	'nom dir labo',	'prenom di labo',	NULL,	NULL,	NULL,	NULL,	't'),
(153,	NULL,	NULL,	NULL,	NULL,	NULL,	'nom resp scient',	'prenom resp scient',	NULL,	NULL,	NULL,	NULL,	't'),
(154,	NULL,	NULL,	NULL,	NULL,	NULL,	'',	'',	NULL,	NULL,	NULL,	NULL,	't'),
(155,	NULL,	NULL,	NULL,	NULL,	NULL,	'',	'',	NULL,	NULL,	'',	NULL,	't'),
(156,	NULL,	NULL,	NULL,	NULL,	NULL,	'',	'',	NULL,	NULL,	NULL,	NULL,	't'),
(157,	NULL,	NULL,	NULL,	NULL,	NULL,	'',	'',	NULL,	NULL,	'',	NULL,	't'),
(113,	NULL,	NULL,	NULL,	NULL,	NULL,	'adda',	'adda',	NULL,	NULL,	'test',	NULL,	't'),
(72,	NULL,	NULL,	NULL,	1,	NULL,	'Ad',	'ipsum ',	NULL,	NULL,	NULL,	NULL,	't'),
(38,	2,	'1',	NULL,	2,	14,	'GERTON',	'Jennifer',	'Fr',	NULL,	NULL,	NULL,	't'),
(54,	4,	'1',	NULL,	NULL,	NULL,	'Bouss',	'ProteurP',	NULL,	NULL,	NULL,	NULL,	't'),
(158,	NULL,	NULL,	NULL,	NULL,	NULL,	'',	'',	NULL,	NULL,	NULL,	NULL,	't'),
(159,	NULL,	NULL,	NULL,	NULL,	NULL,	'',	'',	NULL,	NULL,	'',	NULL,	't'),
(160,	NULL,	NULL,	NULL,	NULL,	NULL,	'',	'',	NULL,	NULL,	NULL,	NULL,	't'),
(161,	NULL,	NULL,	NULL,	NULL,	NULL,	'Nom resp suivi adm.',	'prenom suivi adm',	NULL,	NULL,	NULL,	NULL,	't'),
(162,	NULL,	NULL,	NULL,	NULL,	NULL,	'nom dir labo',	'prenom di labo',	NULL,	NULL,	NULL,	NULL,	't'),
(163,	NULL,	NULL,	NULL,	NULL,	NULL,	'Nom resp suivi adm.',	'prenom suivi adm',	NULL,	NULL,	NULL,	NULL,	't'),
(164,	NULL,	NULL,	NULL,	NULL,	NULL,	'nom dir labo',	'prenom di labo',	NULL,	NULL,	NULL,	NULL,	't'),
(143,	NULL,	NULL,	NULL,	NULL,	NULL,	'Nom rep legal',	'',	NULL,	NULL,	'',	NULL,	't'),
(165,	NULL,	NULL,	NULL,	NULL,	NULL,	'Nom resp suivi adm.',	'prenom suivi adm',	NULL,	NULL,	NULL,	NULL,	't'),
(166,	NULL,	NULL,	NULL,	NULL,	NULL,	'nom dir labo',	'prenom di labo',	NULL,	NULL,	NULL,	NULL,	't'),
(167,	NULL,	NULL,	NULL,	NULL,	NULL,	'Nom resp suivi adm.',	'prenom suivi adm',	NULL,	NULL,	NULL,	NULL,	't'),
(168,	NULL,	NULL,	NULL,	NULL,	NULL,	'nom dir labo',	'prenom di labo',	NULL,	NULL,	NULL,	NULL,	't'),
(169,	NULL,	NULL,	NULL,	NULL,	NULL,	'',	'',	NULL,	NULL,	'',	NULL,	't'),
(170,	NULL,	NULL,	NULL,	NULL,	NULL,	'test',	'test',	NULL,	NULL,	NULL,	NULL,	't'),
(171,	NULL,	NULL,	NULL,	NULL,	NULL,	'test',	'test',	NULL,	NULL,	NULL,	NULL,	't'),
(172,	NULL,	NULL,	NULL,	NULL,	NULL,	'',	'',	NULL,	NULL,	NULL,	NULL,	't'),
(173,	NULL,	NULL,	NULL,	NULL,	NULL,	'',	'',	NULL,	NULL,	'',	NULL,	't'),
(174,	NULL,	NULL,	NULL,	NULL,	NULL,	'',	'',	NULL,	NULL,	NULL,	NULL,	't'),
(175,	NULL,	NULL,	NULL,	NULL,	NULL,	'',	'',	NULL,	NULL,	NULL,	NULL,	't'),
(176,	NULL,	NULL,	NULL,	NULL,	NULL,	'',	'',	NULL,	NULL,	NULL,	NULL,	't'),
(177,	NULL,	NULL,	NULL,	NULL,	NULL,	'',	'',	NULL,	NULL,	NULL,	NULL,	't'),
(178,	NULL,	NULL,	NULL,	NULL,	NULL,	'',	'',	NULL,	NULL,	'',	NULL,	't'),
(181,	NULL,	NULL,	NULL,	NULL,	NULL,	'',	'',	NULL,	NULL,	NULL,	NULL,	't'),
(182,	NULL,	NULL,	NULL,	NULL,	NULL,	'',	'',	NULL,	NULL,	'',	NULL,	't'),
(183,	4,	NULL,	NULL,	NULL,	NULL,	'Catoire',	'Eric',	NULL,	NULL,	NULL,	NULL,	't'),
(184,	4,	NULL,	NULL,	NULL,	NULL,	'Catoire',	'Eric',	NULL,	NULL,	NULL,	NULL,	't'),
(185,	NULL,	NULL,	NULL,	NULL,	NULL,	'',	'',	NULL,	NULL,	NULL,	NULL,	't'),
(186,	NULL,	NULL,	NULL,	NULL,	NULL,	'',	'',	NULL,	NULL,	'',	NULL,	't'),
(187,	NULL,	NULL,	NULL,	NULL,	NULL,	'',	'',	NULL,	NULL,	NULL,	NULL,	't'),
(188,	NULL,	NULL,	NULL,	NULL,	NULL,	'',	'',	NULL,	NULL,	NULL,	NULL,	't'),
(189,	NULL,	NULL,	NULL,	NULL,	NULL,	'',	'',	NULL,	NULL,	'',	NULL,	't'),
(190,	NULL,	NULL,	NULL,	NULL,	NULL,	'',	'',	NULL,	NULL,	NULL,	NULL,	't'),
(191,	NULL,	NULL,	NULL,	1,	NULL,	'nom test',	'prenom test',	NULL,	NULL,	NULL,	NULL,	't'),
(4,	1,	'2',	NULL,	1,	NULL,	'Adlen',	'Boussadia',	'FR ',	NULL,	NULL,	NULL,	'f'),
(193,	4,	NULL,	NULL,	NULL,	NULL,	'Masclet',	'Arnaud',	NULL,	NULL,	NULL,	NULL,	't'),
(194,	4,	NULL,	NULL,	NULL,	NULL,	'MASCLET',	'Arnaud',	NULL,	NULL,	NULL,	NULL,	't'),
(195,	4,	NULL,	NULL,	NULL,	NULL,	'adlen',	'adlen',	NULL,	NULL,	NULL,	NULL,	't'),
(197,	4,	NULL,	NULL,	NULL,	NULL,	'Masclet4',	'Arnaud',	NULL,	NULL,	NULL,	NULL,	't'),
(199,	4,	NULL,	NULL,	NULL,	NULL,	'Masclet3',	'Arnaud',	NULL,	NULL,	NULL,	NULL,	't'),
(201,	NULL,	NULL,	NULL,	NULL,	NULL,	'',	'',	NULL,	NULL,	NULL,	NULL,	't'),
(202,	NULL,	NULL,	NULL,	NULL,	NULL,	'',	'',	NULL,	NULL,	'',	NULL,	't'),
(203,	NULL,	NULL,	NULL,	NULL,	NULL,	'',	'',	NULL,	NULL,	NULL,	NULL,	't'),
(204,	NULL,	NULL,	NULL,	NULL,	NULL,	'RAtsetse',	'RAmouche',	NULL,	NULL,	NULL,	NULL,	't'),
(205,	NULL,	NULL,	NULL,	NULL,	NULL,	'ranom',	'raprenom',	NULL,	NULL,	NULL,	NULL,	't'),
(206,	NULL,	NULL,	NULL,	NULL,	NULL,	'ranom',	'raprenom',	NULL,	NULL,	NULL,	NULL,	't'),
(207,	NULL,	NULL,	NULL,	1,	NULL,	'rsNomPasteurProj18',	'rsPrénomPasteurProj18',	NULL,	NULL,	NULL,	NULL,	't'),
(208,	NULL,	NULL,	NULL,	NULL,	NULL,	'sdfs',	'',	NULL,	NULL,	NULL,	NULL,	't'),
(209,	NULL,	NULL,	NULL,	NULL,	NULL,	'',	'',	NULL,	NULL,	NULL,	NULL,	't'),
(210,	NULL,	NULL,	NULL,	NULL,	NULL,	'raNom',	'raPrenom',	NULL,	NULL,	NULL,	NULL,	't'),
(211,	NULL,	NULL,	NULL,	NULL,	NULL,	'',	'',	NULL,	NULL,	NULL,	NULL,	't'),
(212,	NULL,	NULL,	NULL,	NULL,	NULL,	'raNom',	'raPrenom',	NULL,	NULL,	NULL,	NULL,	't'),
(213,	NULL,	NULL,	NULL,	NULL,	NULL,	'dirlabNom',	'dirlabPrenom',	NULL,	NULL,	NULL,	NULL,	't'),
(214,	NULL,	NULL,	NULL,	NULL,	NULL,	'raNom',	'raPrenom',	NULL,	NULL,	NULL,	NULL,	't'),
(215,	NULL,	NULL,	NULL,	NULL,	NULL,	'raNom',	'raPrenom',	NULL,	NULL,	NULL,	NULL,	't'),
(216,	NULL,	NULL,	NULL,	NULL,	NULL,	'dirlabNom',	'dirlabPrenom',	NULL,	NULL,	NULL,	NULL,	't'),

 (500,4,NULL,NULL,NULL,500, 'Heino', 'Lén',NULL,	NULL,	NULL,	NULL,	't'),
 (501,4,NULL,NULL,NULL,501, 'De Bischof', 'Andréanne',NULL,	NULL,	NULL,	NULL,	't'),
 (502,4,NULL,NULL,NULL,502, 'Hamblington', 'Faîtes',NULL,	NULL,	NULL,	NULL,	't'),
 (503,4,NULL,NULL,NULL,503, 'Ricardo', 'Lorène',NULL,	NULL,	NULL,	NULL,	't'),
 (504,4,NULL,NULL,NULL,504, 'Stares', 'Michèle',NULL,	NULL,	NULL,	NULL,	't'),
 (505,4,NULL,NULL,NULL,505, 'Berkely', 'Marie-françoise',NULL,	NULL,	NULL,	NULL,	't'),
 (506,4,NULL,NULL,NULL,506, 'Ouldcott', 'Mélinda',NULL,	NULL,	NULL,	NULL,	't'),
 (507,4,NULL,NULL,NULL,507, 'Puttan', 'Mà',NULL,	NULL,	NULL,	NULL,	't'),
 (508,4,NULL,NULL,NULL,508, 'Bussy', 'Océane',NULL,	NULL,	NULL,	NULL,	't'),
 (509,4,NULL,NULL,NULL,509, 'Lyster', 'Lèi',NULL,	NULL,	NULL,	NULL,	't'),
 (510,4,NULL,NULL,NULL,510, 'Allery', 'Camélia',NULL,	NULL,	NULL,	NULL,	't'),
 (511,4,NULL,NULL,NULL,511, 'Surgood', 'Mà',NULL,	NULL,	NULL,	NULL,	't'),
 (512,4,NULL,NULL,NULL,512, 'Keable', 'Pål',NULL,	NULL,	NULL,	NULL,	't'),
 (513,4,NULL,NULL,NULL,513, 'Adlington', 'Magdalène',NULL,	NULL,	NULL,	NULL,	't'),
 (514,4,NULL,NULL,NULL,514, 'Iredale', 'Yè',NULL,	NULL,	NULL,	NULL,	't'),
 (515,4,NULL,NULL,NULL,515, 'Scrooby', 'Eloïse',NULL,	NULL,	NULL,	NULL,	't'),
 (516,4,NULL,NULL,NULL,516, 'Lygoe', 'Adélaïde',NULL,	NULL,	NULL,	NULL,	't'),
 (517,4,NULL,NULL,NULL,517, 'Kubiak', 'Maïwenn',NULL,	NULL,	NULL,	NULL,	't'),
 (518,4,NULL,NULL,NULL,518, 'Livings', 'Liè',NULL,	NULL,	NULL,	NULL,	't'),
 (519,4,NULL,NULL,NULL,519, 'Hatt', 'Dafnée',NULL,	NULL,	NULL,	NULL,	't'),
 (520,4,NULL,NULL,NULL,520, 'Coviello', 'Léana',NULL,	NULL,	NULL,	NULL,	't'),
 (521,4,NULL,NULL,NULL,521, 'Durnall', 'Amélie',NULL,	NULL,	NULL,	NULL,	't'),
 (522,4,NULL,NULL,NULL,522, 'Iacovuzzi', 'Séréna',NULL,	NULL,	NULL,	NULL,	't'),
 (523,4,NULL,NULL,NULL,523, 'Duell', 'Méryl',NULL,	NULL,	NULL,	NULL,	't'),
 (524,4,NULL,NULL,NULL,524, 'Hyndley', 'Lài',NULL,	NULL,	NULL,	NULL,	't'),
 (525,4,NULL,NULL,NULL,525, 'Prowting', 'Bérénice',NULL,	NULL,	NULL,	NULL,	't'),
 (526,4,NULL,NULL,NULL,526, 'Fominov', 'Görel',NULL,	NULL,	NULL,	NULL,	't'),
 (527,4,NULL,NULL,NULL,527, 'Lamperd', 'Eléonore',NULL,	NULL,	NULL,	NULL,	't'),
 (528,4,NULL,NULL,NULL,528, 'Holcroft', 'Almérinda',NULL,	NULL,	NULL,	NULL,	't'),
 (529,4,NULL,NULL,NULL,529, 'Sawday', 'Stévina',NULL,	NULL,	NULL,	NULL,	't'),
 (530,4,NULL,NULL,NULL,530, 'Blanko', 'Magdalène',NULL,	NULL,	NULL,	NULL,	't'),
 (531,4,NULL,NULL,NULL,531, 'Dootson', 'Torbjörn',NULL,	NULL,	NULL,	NULL,	't'),
 (532,4,NULL,NULL,NULL,532, 'Broddle', 'Léa',NULL,	NULL,	NULL,	NULL,	't'),
 (533,4,NULL,NULL,NULL,533, 'Mugford', 'Mélanie',NULL,	NULL,	NULL,	NULL,	't'),
 (534,4,NULL,NULL,NULL,534, 'Igounet', 'Céline',NULL,	NULL,	NULL,	NULL,	't'),
 (535,4,NULL,NULL,NULL,535, 'MacGorrie', 'Méryl',NULL,	NULL,	NULL,	NULL,	't'),
 (536,4,NULL,NULL,NULL,536, 'Jina', 'Börje',NULL,	NULL,	NULL,	NULL,	't'),
 (537,4,NULL,NULL,NULL,537, 'Clew', 'Andrée',NULL,	NULL,	NULL,	NULL,	't'),
 (538,4,NULL,NULL,NULL,538, 'Bradshaw', 'Adélie',NULL,	NULL,	NULL,	NULL,	't'),
 (539,4,NULL,NULL,NULL,539, 'Mulgrew', 'Marie-thérèse',NULL,	NULL,	NULL,	NULL,	't'),
 (540,4,NULL,NULL,NULL,540, 'Feldklein', 'Zhì',NULL,	NULL,	NULL,	NULL,	't'),
 (541,4,NULL,NULL,NULL,541, 'Berndtsson', 'Léandre',NULL,	NULL,	NULL,	NULL,	't'),
 (542,4,NULL,NULL,NULL,542, 'Denzilow', 'Marie-françoise',NULL,	NULL,	NULL,	NULL,	't'),
 (543,4,NULL,NULL,NULL,543, 'McCerery', 'Alizée',NULL,	NULL,	NULL,	NULL,	't'),
 (544,4,NULL,NULL,NULL,544, 'Ickov', 'Stévina',NULL,	NULL,	NULL,	NULL,	't'),
 (545,4,NULL,NULL,NULL,545, 'Bohlin', 'Maïly',NULL,	NULL,	NULL,	NULL,	't'),
 (546,4,NULL,NULL,NULL,546, 'Blundel', 'Marie-thérèse',NULL,	NULL,	NULL,	NULL,	't'),
 (547,4,NULL,NULL,NULL,547, 'Drinkall', 'Åslög',NULL,	NULL,	NULL,	NULL,	't'),
 (548,4,NULL,NULL,NULL,548, 'Kop', 'Wá',NULL,	NULL,	NULL,	NULL,	't'),
 (549,4,NULL,NULL,NULL,549 , 'O''Gaven','Adèle',NULL,	NULL,	NULL,	NULL,	't'),
 (550,4,NULL,NULL,NULL,550, 'Yorke', 'Maëlann',NULL,	NULL,	NULL,	NULL,	't'),
 (551,4,NULL,NULL,NULL,551, 'Adnam', 'Réservés',NULL,	NULL,	NULL,	NULL,	't'),
 (552,4,NULL,NULL,NULL,552, 'Ogger', 'Maëlla',NULL,	NULL,	NULL,	NULL,	't'),
 (553,4,NULL,NULL,NULL,553, 'Britten', 'Noémie',NULL,	NULL,	NULL,	NULL,	't'),
 (554,4,NULL,NULL,NULL,554, 'Canario', 'Océane',NULL,	NULL,	NULL,	NULL,	't'),
 (555,4,NULL,NULL,NULL,555, 'Gajewski', 'Bénédicte',NULL,	NULL,	NULL,	NULL,	't'),
 (556,4,NULL,NULL,NULL,556, 'Brandes', 'Maëlle',NULL,	NULL,	NULL,	NULL,	't'),
 (557,4,NULL,NULL,NULL,557, 'Hallowes', 'Mélanie',NULL,	NULL,	NULL,	NULL,	't'),
 (558,4,NULL,NULL,NULL,558, 'Bonafacino', 'Nuó',NULL,	NULL,	NULL,	NULL,	't'),
 (559,4,NULL,NULL,NULL,559, 'Canty', 'Björn',NULL,	NULL,	NULL,	NULL,	't'),
 (560,4,NULL,NULL,NULL,560, 'Vowells', 'Anaïs',NULL,	NULL,	NULL,	NULL,	't'),
 (561,4,NULL,NULL,NULL,561, 'Hoggetts', 'Görel',NULL,	NULL,	NULL,	NULL,	't'),
 (562,4,NULL,NULL,NULL,562, 'Gerant', 'Táng',NULL,	NULL,	NULL,	NULL,	't'),
 (563,4,NULL,NULL,NULL,563, 'Goudman', 'Mégane',NULL,	NULL,	NULL,	NULL,	't'),
 (564,4,NULL,NULL,NULL,564, 'Shaudfurth', 'Amélie',NULL,	NULL,	NULL,	NULL,	't'),
 (565,4,NULL,NULL,NULL,565, 'Dymock', 'Mahélie',NULL,	NULL,	NULL,	NULL,	't'),
 (566,4,NULL,NULL,NULL,566, 'Yallop', 'Zoé',NULL,	NULL,	NULL,	NULL,	't'),
 (567,4,NULL,NULL,NULL,567, 'Annwyl', 'Göran',NULL,	NULL,	NULL,	NULL,	't'),
 (568,4,NULL,NULL,NULL,568, 'Brand-Hardy', 'Andréanne',NULL,	NULL,	NULL,	NULL,	't'),
 (569,4,NULL,NULL,NULL,569, 'Buckhurst', 'Cunégonde',NULL,	NULL,	NULL,	NULL,	't'),
 (570,4,NULL,NULL,NULL,570, 'Mantripp', 'Maëlle',NULL,	NULL,	NULL,	NULL,	't'),
 (571,4,NULL,NULL,NULL,571, 'Bursell', 'Maï',NULL,	NULL,	NULL,	NULL,	't'),
 (572,4,NULL,NULL,NULL,572, 'Portlock', 'Maïwenn',NULL,	NULL,	NULL,	NULL,	't'),
 (573,4,NULL,NULL,NULL,573, 'Poure', 'Zoé',NULL,	NULL,	NULL,	NULL,	't'),
 (574,4,NULL,NULL,NULL,574, 'Gaiger', 'Léana',NULL,	NULL,	NULL,	NULL,	't'),
 (575,4,NULL,NULL,NULL,575, 'Bedo', 'Alizée',NULL,	NULL,	NULL,	NULL,	't'),
 (576,4,NULL,NULL,NULL,576, 'Brahm', 'Märta',NULL,	NULL,	NULL,	NULL,	't'),
 (577,4,NULL,NULL,NULL,577, 'Bicheno', 'Marie-ève',NULL,	NULL,	NULL,	NULL,	't'),
 (578,4,NULL,NULL,NULL,578, 'Damrel', 'Béatrice',NULL,	NULL,	NULL,	NULL,	't'),
 (579,4,NULL,NULL,NULL,579, 'Nitto', 'Yú',NULL,	NULL,	NULL,	NULL,	't'),
 (580,4,NULL,NULL,NULL,580, 'Reffe', 'Lài',NULL,	NULL,	NULL,	NULL,	't'),
 (581,4,NULL,NULL,NULL,581, 'Urvoy', 'Maëlann',NULL,	NULL,	NULL,	NULL,	't'),
 (582,4,NULL,NULL,NULL,582, 'Bartosiak', 'Séréna',NULL,	NULL,	NULL,	NULL,	't'),
 (583,4,NULL,NULL,NULL,583, 'Brierly', 'Maï',NULL,	NULL,	NULL,	NULL,	't'),
 (584,4,NULL,NULL,NULL,584, 'Kagan', 'Yè',NULL,	NULL,	NULL,	NULL,	't'),
 (585,4,NULL,NULL,NULL,585, 'Fox', 'Tán',NULL,	NULL,	NULL,	NULL,	't'),
 (586,4,NULL,NULL,NULL,586, 'Cant', 'Eléa',NULL,	NULL,	NULL,	NULL,	't'),
 (587,4,NULL,NULL,NULL,587, 'Rosin', 'Françoise',NULL,	NULL,	NULL,	NULL,	't'),
 (588,4,NULL,NULL,NULL,588, 'Duigan', 'Magdalène',NULL,	NULL,	NULL,	NULL,	't'),
 (589,4,NULL,NULL,NULL,589, 'Bront', 'Loïs',NULL,	NULL,	NULL,	NULL,	't'),
 (590,4,NULL,NULL,NULL,590, 'Letcher', 'Renée',NULL,	NULL,	NULL,	NULL,	't'),
 (591,4,NULL,NULL,NULL,591, 'Clevely', 'Inès',NULL,	NULL,	NULL,	NULL,	't'),
 (592,4,NULL,NULL,NULL,592, 'Flippelli', 'Erwéi',NULL,	NULL,	NULL,	NULL,	't'),
 (593,4,NULL,NULL,NULL,593, 'Dunk', 'Loïca',NULL,	NULL,	NULL,	NULL,	't'),
 (594,4,NULL,NULL,NULL,594, 'Cubitt', 'Méghane',NULL,	NULL,	NULL,	NULL,	't'),
 (595,4,NULL,NULL,NULL,595, 'Scud', 'Maïlys',NULL,	NULL,	NULL,	NULL,	't'),
 (596,4,NULL,NULL,NULL,596, 'Sinden', 'Léone',NULL,	NULL,	NULL,	NULL,	't'),
 (597,4,NULL,NULL,NULL,597, 'Yesichev', 'Andrée',NULL,	NULL,	NULL,	NULL,	't'),
 (598,4,NULL,NULL,NULL,598, 'Abrahim', 'Anaïs',NULL,	NULL,	NULL,	NULL,	't'),
 (599,4,NULL,NULL,NULL,599, 'Maclean', 'Zhì',NULL,	NULL,	NULL,	NULL,	't'),
 (600,4,NULL,NULL,NULL,600, 'O''Sheeryne', 'Gaëlle',NULL,	NULL,	NULL,	NULL,	't'),
 (601,4,NULL,NULL,NULL,601, 'Pogson', 'Dorothée',NULL,	NULL,	NULL,	NULL,	't'),
 (602,4,NULL,NULL,NULL,602, 'Rodell', 'Estève',NULL,	NULL,	NULL,	NULL,	't'),
 (603,4,NULL,NULL,NULL,603, 'Hounsome', 'Lài',NULL,	NULL,	NULL,	NULL,	't'),
 (604,4,NULL,NULL,NULL,604, 'Warke', 'Kuí',NULL,	NULL,	NULL,	NULL,	't'),
 (605,4,NULL,NULL,NULL,605, 'Kliment', 'Annotés',NULL,	NULL,	NULL,	NULL,	't'),
 (606,4,NULL,NULL,NULL,606, 'Cadney', 'Anaëlle',NULL,	NULL,	NULL,	NULL,	't'),
 (607,4,NULL,NULL,NULL,607, 'MacDiarmond', 'Ruò',NULL,	NULL,	NULL,	NULL,	't'),
 (608,4,NULL,NULL,NULL,608, 'Barette', 'Salomé',NULL,	NULL,	NULL,	NULL,	't'),
 (609,4,NULL,NULL,NULL,609, 'Shallcrass', 'Frédérique',NULL,	NULL,	NULL,	NULL,	't'),
 (610,4,NULL,NULL,NULL,610, 'Kembley', 'Björn',NULL,	NULL,	NULL,	NULL,	't'),
 (611,4,NULL,NULL,NULL,611, 'Tregian', 'Méryl',NULL,	NULL,	NULL,	NULL,	't'),
 (612,4,NULL,NULL,NULL,612, 'Duetsche', 'Miléna',NULL,	NULL,	NULL,	NULL,	't'),
 (613,4,NULL,NULL,NULL,613, 'Kun', 'Loïs',NULL,	NULL,	NULL,	NULL,	't'),
 (614,4,NULL,NULL,NULL,614, 'Fibben', 'Marie-thérèse',NULL,	NULL,	NULL,	NULL,	't'),
 (615,4,NULL,NULL,NULL,615, 'Ginley', 'Eléonore',NULL,	NULL,	NULL,	NULL,	't'),
 (616,4,NULL,NULL,NULL,616, 'Glede', 'Célia',NULL,	NULL,	NULL,	NULL,	't'),
 (617,4,NULL,NULL,NULL,617, 'Flindall', 'Lèi',NULL,	NULL,	NULL,	NULL,	't'),
 (618,4,NULL,NULL,NULL,618, 'Roth', 'Gaétane',NULL,	NULL,	NULL,	NULL,	't'),
 (619,4,NULL,NULL,NULL,619, 'McCrory', 'Méthode',NULL,	NULL,	NULL,	NULL,	't'),
 (620,4,NULL,NULL,NULL,620, 'McCorry', 'Yénora',NULL,	NULL,	NULL,	NULL,	't'),
 (621,4,NULL,NULL,NULL,621, 'July', 'Méghane',NULL,	NULL,	NULL,	NULL,	't'),
 (622,4,NULL,NULL,NULL,622, 'Delgadillo', 'Thérèsa',NULL,	NULL,	NULL,	NULL,	't'),
 (623,4,NULL,NULL,NULL,623, 'Huxley', 'Mahélie',NULL,	NULL,	NULL,	NULL,	't'),
 (624,4,NULL,NULL,NULL,624, 'Elliman', 'Maïlys',NULL,	NULL,	NULL,	NULL,	't'),
 (625,4,NULL,NULL,NULL,625, 'Hannum', 'Tú',NULL,	NULL,	NULL,	NULL,	't'),
 (626,4,NULL,NULL,NULL,626, 'Blogg', 'Cécilia',NULL,	NULL,	NULL,	NULL,	't'),
 (627,4,NULL,NULL,NULL,627, 'Pinwill', 'Bécassine',NULL,	NULL,	NULL,	NULL,	't'),
 (628,4,NULL,NULL,NULL,628, 'Little', 'Björn',NULL,	NULL,	NULL,	NULL,	't'),
 (629,4,NULL,NULL,NULL,629, 'Minchinden', 'Solène',NULL,	NULL,	NULL,	NULL,	't'),
 (630,4,NULL,NULL,NULL,630, 'Heiden', 'Åke',NULL,	NULL,	NULL,	NULL,	't'),
 (631,4,NULL,NULL,NULL,631, 'Loxly', 'Anaël',NULL,	NULL,	NULL,	NULL,	't'),
 (632,4,NULL,NULL,NULL,632, 'Nealon', 'Michèle',NULL,	NULL,	NULL,	NULL,	't'),
 (633,4,NULL,NULL,NULL,633, 'Ironside', 'Gwenaëlle',NULL,	NULL,	NULL,	NULL,	't'),
 (634,4,NULL,NULL,NULL,634, 'Sclanders', 'Irène',NULL,	NULL,	NULL,	NULL,	't'),
 (635,4,NULL,NULL,NULL,635, 'Connealy', 'Erwéi',NULL,	NULL,	NULL,	NULL,	't'),
 (636,4,NULL,NULL,NULL,636, 'Brane', 'Amélie',NULL,	NULL,	NULL,	NULL,	't'),
 (637,4,NULL,NULL,NULL,637, 'Nelles', 'Gösta',NULL,	NULL,	NULL,	NULL,	't'),
 (638,4,NULL,NULL,NULL,638, 'Hewes', 'Méline',NULL,	NULL,	NULL,	NULL,	't'),
 (639,4,NULL,NULL,NULL,639, 'Bechley', 'Mà',NULL,	NULL,	NULL,	NULL,	't'),
 (640,4,NULL,NULL,NULL,640, 'Raulston', 'Kù',NULL,	NULL,	NULL,	NULL,	't'),
 (641,4,NULL,NULL,NULL,641, 'Saph', 'Marie-hélène',NULL,	NULL,	NULL,	NULL,	't'),
 (642,4,NULL,NULL,NULL,642, 'Collar', 'Maëly',NULL,	NULL,	NULL,	NULL,	't'),
 (643,4,NULL,NULL,NULL,643, 'Seilmann', 'Marie-françoise',NULL,	NULL,	NULL,	NULL,	't'),
 (644,4,NULL,NULL,NULL,644, 'Corde', 'Eugénie',NULL,	NULL,	NULL,	NULL,	't'),
 (645,4,NULL,NULL,NULL,645, 'Zylberdik', 'Adélaïde',NULL,	NULL,	NULL,	NULL,	't'),
 (646,4,NULL,NULL,NULL,646, 'Dowden', 'Irène',NULL,	NULL,	NULL,	NULL,	't'),
 (647,4,NULL,NULL,NULL,647, 'Mosdell', 'Loïca',NULL,	NULL,	NULL,	NULL,	't'),
 (648,4,NULL,NULL,NULL,648, 'Costain', 'Lén',NULL,	NULL,	NULL,	NULL,	't'),
 (649,4,NULL,NULL,NULL,649, 'Brownjohn', 'Maëlys',NULL,	NULL,	NULL,	NULL,	't'),
 (650,4,NULL,NULL,NULL,650, 'Vanstone', 'Eugénie',NULL,	NULL,	NULL,	NULL,	't'),
 (651,4,NULL,NULL,NULL,651, 'Krout', 'Océane',NULL,	NULL,	NULL,	NULL,	't'),
 (652,4,NULL,NULL,NULL,652, 'Britland', 'Mahélie',NULL,	NULL,	NULL,	NULL,	't'),
 (653,4,NULL,NULL,NULL,653, 'Izzard', 'Marie-josée',NULL,	NULL,	NULL,	NULL,	't'),
 (654,4,NULL,NULL,NULL,654, 'Enric', 'Célestine',NULL,	NULL,	NULL,	NULL,	't'),
 (655,4,NULL,NULL,NULL,655, 'Johl', 'Illustrée',NULL,	NULL,	NULL,	NULL,	't'),
 (656,4,NULL,NULL,NULL,656, 'Vasilchikov', 'Maïlis',NULL,	NULL,	NULL,	NULL,	't'),
 (657,4,NULL,NULL,NULL,657, 'Bryer', 'Marie-thérèse',NULL,	NULL,	NULL,	NULL,	't'),
 (658,4,NULL,NULL,NULL,658, 'Mabbe', 'Réjane',NULL,	NULL,	NULL,	NULL,	't'),
 (659,4,NULL,NULL,NULL,659, 'Golland', 'Annotés',NULL,	NULL,	NULL,	NULL,	't'),
 (660,4,NULL,NULL,NULL,660, 'Markus', 'Nuó',NULL,	NULL,	NULL,	NULL,	't'),
 (661,4,NULL,NULL,NULL,661, 'Stanistrete', 'Loïc',NULL,	NULL,	NULL,	NULL,	't'),
 (662,4,NULL,NULL,NULL,662, 'Lissandrini', 'Eliès',NULL,	NULL,	NULL,	NULL,	't'),
 (663,4,NULL,NULL,NULL,663, 'Ayris', 'Dorothée',NULL,	NULL,	NULL,	NULL,	't'),
 (664,4,NULL,NULL,NULL,664, 'Stables', 'Régine',NULL,	NULL,	NULL,	NULL,	't'),
 (665,4,NULL,NULL,NULL,665, 'Reeveley', 'Aí',NULL,	NULL,	NULL,	NULL,	't'),
 (666,4,NULL,NULL,NULL,666, 'Mallion', 'Marylène',NULL,	NULL,	NULL,	NULL,	't'),
 (667,4,NULL,NULL,NULL,667, 'Peirce', 'Erwéi',NULL,	NULL,	NULL,	NULL,	't'),
 (668,4,NULL,NULL,NULL,668, 'Radnage', 'Salomé',NULL,	NULL,	NULL,	NULL,	't'),
 (669,4,NULL,NULL,NULL,669, 'Liell', 'Audréanne',NULL,	NULL,	NULL,	NULL,	't'),
 (670,4,NULL,NULL,NULL,670, 'Vautre', 'Eléa',NULL,	NULL,	NULL,	NULL,	't'),
 (671,4,NULL,NULL,NULL,671, 'Parrin', 'Danièle',NULL,	NULL,	NULL,	NULL,	't'),
 (672,4,NULL,NULL,NULL,672, 'Jansik', 'Frédérique',NULL,	NULL,	NULL,	NULL,	't'),
 (673,4,NULL,NULL,NULL,673, 'Caddell', 'Publicité',NULL,	NULL,	NULL,	NULL,	't'),
 (674,4,NULL,NULL,NULL,674, 'Freak', 'Célia',NULL,	NULL,	NULL,	NULL,	't'),
 (675,4,NULL,NULL,NULL,675, 'Faircley', 'Magdalène',NULL,	NULL,	NULL,	NULL,	't'),
 (676,4,NULL,NULL,NULL,676, 'Ashe', 'Zhì',NULL,	NULL,	NULL,	NULL,	't'),
 (677,4,NULL,NULL,NULL,677, 'Duckett', 'Örjan',NULL,	NULL,	NULL,	NULL,	't'),
 (678,4,NULL,NULL,NULL,678, 'Muncie', 'Judicaël',NULL,	NULL,	NULL,	NULL,	't'),
 (679,4,NULL,NULL,NULL,679, 'Tedahl', 'Görel',NULL,	NULL,	NULL,	NULL,	't'),
 (680,4,NULL,NULL,NULL,680, 'Meeny', 'Mà',NULL,	NULL,	NULL,	NULL,	't'),
 (681,4,NULL,NULL,NULL,681, 'Andryushchenko', 'Erwéi',NULL,	NULL,	NULL,	NULL,	't'),
 (682,4,NULL,NULL,NULL,682, 'Aucutt', 'Gaétane',NULL,	NULL,	NULL,	NULL,	't'),
 (683,4,NULL,NULL,NULL,683, 'Cowlishaw', 'Agnès',NULL,	NULL,	NULL,	NULL,	't'),
 (684,4,NULL,NULL,NULL,684, 'Grabbam', 'Léonore',NULL,	NULL,	NULL,	NULL,	't'),
 (685,4,NULL,NULL,NULL,685, 'Antyukhin', 'Kévina',NULL,	NULL,	NULL,	NULL,	't'),
 (686,4,NULL,NULL,NULL,686, 'Brice', 'Ráo',NULL,	NULL,	NULL,	NULL,	't'),
 (687,4,NULL,NULL,NULL,687, 'Eagling', 'Dafnée',NULL,	NULL,	NULL,	NULL,	't'),
 (688,4,NULL,NULL,NULL,688, 'Cowell', 'Mélia',NULL,	NULL,	NULL,	NULL,	't'),
 (689,4,NULL,NULL,NULL,689, 'Bend', 'Thérèsa',NULL,	NULL,	NULL,	NULL,	't'),
 (690,4,NULL,NULL,NULL,690, 'Lenney', 'Léonie',NULL,	NULL,	NULL,	NULL,	't'),
 (691,4,NULL,NULL,NULL,691, 'McAdam', 'Mén',NULL,	NULL,	NULL,	NULL,	't'),
 (692,4,NULL,NULL,NULL,692, 'Buckleigh', 'Maëline',NULL,	NULL,	NULL,	NULL,	't'),
 (693,4,NULL,NULL,NULL,693, 'Braniff', 'Anaëlle',NULL,	NULL,	NULL,	NULL,	't'),
 (694,4,NULL,NULL,NULL,694, 'Cayton', 'Lucrèce',NULL,	NULL,	NULL,	NULL,	't'),
 (695,4,NULL,NULL,NULL,695, 'Crosbie', 'Ruò',NULL,	NULL,	NULL,	NULL,	't'),
 (696,4,NULL,NULL,NULL,696, 'Selliman', 'Eléa',NULL,	NULL,	NULL,	NULL,	't'),
 (697,4,NULL,NULL,NULL,697, 'Downey', 'Mårten',NULL,	NULL,	NULL,	NULL,	't'),
 (698,4,NULL,NULL,NULL,698, 'Pollendine', 'Maëlle',NULL,	NULL,	NULL,	NULL,	't'),
 (699,4,NULL,NULL,NULL,699, 'Alsford', 'Zhì',NULL,	NULL,	NULL,	NULL,	't'),
 (700,4,NULL,NULL,NULL,700, 'Kuhlen', 'Nadège',NULL,	NULL,	NULL,	NULL,	't'),
 (701,4,NULL,NULL,NULL,701, 'Meiner', 'Mélodie',NULL,	NULL,	NULL,	NULL,	't'),
 (702,4,NULL,NULL,NULL,702, 'De Mattei', 'Félicie',NULL,	NULL,	NULL,	NULL,	't'),
 (703,4,NULL,NULL,NULL,703, 'Figgs', 'Marie-thérèse',NULL,	NULL,	NULL,	NULL,	't'),
 (704,4,NULL,NULL,NULL,704, 'Langelaan', 'Léonore',NULL,	NULL,	NULL,	NULL,	't'),
 (705,4,NULL,NULL,NULL,705, 'Narrie', 'Magdalène',NULL,	NULL,	NULL,	NULL,	't'),
 (706,4,NULL,NULL,NULL,706, 'Ceeley', 'Lyséa',NULL,	NULL,	NULL,	NULL,	't'),
 (707,4,NULL,NULL,NULL,707, 'Adame', 'Anaé',NULL,	NULL,	NULL,	NULL,	't'),
 (708,4,NULL,NULL,NULL,708, 'Hillin', 'Lauréna',NULL,	NULL,	NULL,	NULL,	't'),
 (709,4,NULL,NULL,NULL,709, 'Casarili', 'Séréna',NULL,	NULL,	NULL,	NULL,	't'),
 (710,4,NULL,NULL,NULL,710, 'Giacomini', 'Aí',NULL,	NULL,	NULL,	NULL,	't'),
 (711,4,NULL,NULL,NULL,711, 'Kippen', 'Séréna',NULL,	NULL,	NULL,	NULL,	't'),
 (712,4,NULL,NULL,NULL,712, 'Carrodus', 'Gösta',NULL,	NULL,	NULL,	NULL,	't'),
 (713,4,NULL,NULL,NULL,713, 'Murrey', 'Joséphine',NULL,	NULL,	NULL,	NULL,	't'),
 (714,4,NULL,NULL,NULL,714, 'Tratton', 'Fèi',NULL,	NULL,	NULL,	NULL,	't'),
 (715,4,NULL,NULL,NULL,715, 'Stallworth', 'Angélique',NULL,	NULL,	NULL,	NULL,	't'),
 (716,4,NULL,NULL,NULL,716, 'Varndell', 'Lài',NULL,	NULL,	NULL,	NULL,	't'),
 (717,4,NULL,NULL,NULL,717, 'Thorogood', 'Agnès',NULL,	NULL,	NULL,	NULL,	't'),
 (718,4,NULL,NULL,NULL,718, 'Hargey', 'Faîtes',NULL,	NULL,	NULL,	NULL,	't'),
 (719,4,NULL,NULL,NULL,719, 'Shipp', 'Illustrée',NULL,	NULL,	NULL,	NULL,	't'),
 (720,4,NULL,NULL,NULL,720, 'Snar', 'Inès',NULL,	NULL,	NULL,	NULL,	't'),
 (721,4,NULL,NULL,NULL,721, 'Sewter', 'Naëlle',NULL,	NULL,	NULL,	NULL,	't'),
 (722,4,NULL,NULL,NULL,722, 'Wordsley', 'Kallisté',NULL,	NULL,	NULL,	NULL,	't'),
 (723,4,NULL,NULL,NULL,723, 'Kearey', 'Adélaïde',NULL,	NULL,	NULL,	NULL,	't'),
 (724,4,NULL,NULL,NULL,724, 'Kitteman', 'Noémie',NULL,	NULL,	NULL,	NULL,	't'),
 (725,4,NULL,NULL,NULL,725, 'Jaycock', 'Kallisté',NULL,	NULL,	NULL,	NULL,	't'),
 (726,4,NULL,NULL,NULL,726, 'Ponting', 'Uò',NULL,	NULL,	NULL,	NULL,	't'),
 (727,4,NULL,NULL,NULL,727, 'Cornehl', 'Gaïa',NULL,	NULL,	NULL,	NULL,	't'),
 (728,4,NULL,NULL,NULL,728, 'MacRury', 'Mélina',NULL,	NULL,	NULL,	NULL,	't'),
 (729,4,NULL,NULL,NULL,729, 'Barabisch', 'Clémentine',NULL,	NULL,	NULL,	NULL,	't'),
 (730,4,NULL,NULL,NULL,730, 'Wigley', 'Audréanne',NULL,	NULL,	NULL,	NULL,	't'),
 (731,4,NULL,NULL,NULL,731, 'McShirrie', 'Eliès',NULL,	NULL,	NULL,	NULL,	't'),
 (732,4,NULL,NULL,NULL,732, 'Tourner', 'Gisèle',NULL,	NULL,	NULL,	NULL,	't'),
 (733,4,NULL,NULL,NULL,733, 'Cinavas', 'Dorothée',NULL,	NULL,	NULL,	NULL,	't'),
 (734,4,NULL,NULL,NULL,734, 'Spickett', 'Daphnée',NULL,	NULL,	NULL,	NULL,	't'),
 (735,4,NULL,NULL,NULL,735, 'Wanless', 'Françoise',NULL,	NULL,	NULL,	NULL,	't'),
 (736,4,NULL,NULL,NULL,736, 'McHale', 'Aurélie',NULL,	NULL,	NULL,	NULL,	't'),
 (737,4,NULL,NULL,NULL,737, 'Southworth', 'Lài',NULL,	NULL,	NULL,	NULL,	't'),
 (738,4,NULL,NULL,NULL,738, 'Chisholme', 'Yénora',NULL,	NULL,	NULL,	NULL,	't'),
 (739,4,NULL,NULL,NULL,739, 'D'' Angelo', 'Mélanie',NULL,	NULL,	NULL,	NULL,	't'),
 (740,4,NULL,NULL,NULL,740, 'Aiskrigg', 'Andréa',NULL,	NULL,	NULL,	NULL,	't'),
 (741,4,NULL,NULL,NULL,741, 'Scalera', 'Célia',NULL,	NULL,	NULL,	NULL,	't'),
 (742,4,NULL,NULL,NULL,742, 'Goodanew', 'Noëlla',NULL,	NULL,	NULL,	NULL,	't'),
 (743,4,NULL,NULL,NULL,743, 'Jotham', 'Athéna',NULL,	NULL,	NULL,	NULL,	't'),
 (744,4,NULL,NULL,NULL,744, 'Dahlborg', 'Torbjörn',NULL,	NULL,	NULL,	NULL,	't'),
 (745,4,NULL,NULL,NULL,745, 'Thaller', 'Laurélie',NULL,	NULL,	NULL,	NULL,	't'),
 (746,4,NULL,NULL,NULL,746, 'Eckery', 'Adèle',NULL,	NULL,	NULL,	NULL,	't'),
 (747,4,NULL,NULL,NULL,747, 'Kochl', 'Françoise',NULL,	NULL,	NULL,	NULL,	't'),
 (748,4,NULL,NULL,NULL,748, 'Nuttall', 'Stévina',NULL,	NULL,	NULL,	NULL,	't'),
 (749,4,NULL,NULL,NULL,749, 'Meller', 'Maëlla',NULL,	NULL,	NULL,	NULL,	't'),
 (750,4,NULL,NULL,NULL,750, 'Thain', 'Eugénie',NULL,	NULL,	NULL,	NULL,	't'),
 (751,4,NULL,NULL,NULL,751, 'ffrench Beytagh', 'Jú',NULL,	NULL,	NULL,	NULL,	't'),
 (752,4,NULL,NULL,NULL,752, 'Haucke', 'Ruì',NULL,	NULL,	NULL,	NULL,	't'),
 (753,4,NULL,NULL,NULL,753, 'Crease', 'Naëlle',NULL,	NULL,	NULL,	NULL,	't'),
 (754,4,NULL,NULL,NULL,754, 'Fryatt', 'Esbjörn',NULL,	NULL,	NULL,	NULL,	't'),
 (755,4,NULL,NULL,NULL,755, 'Agostini', 'Mylène',NULL,	NULL,	NULL,	NULL,	't'),
 (756,4,NULL,NULL,NULL,756, 'Latty', 'Mylène',NULL,	NULL,	NULL,	NULL,	't'),
 (757,4,NULL,NULL,NULL,757, 'Took', 'Andréa',NULL,	NULL,	NULL,	NULL,	't'),
 (758,4,NULL,NULL,NULL,758, 'Culcheth', 'Aí',NULL,	NULL,	NULL,	NULL,	't'),
 (759,4,NULL,NULL,NULL,759, 'Ashment', 'Néhémie',NULL,	NULL,	NULL,	NULL,	't'),
 (760,4,NULL,NULL,NULL,760, 'MacCaghan', 'Gaétane',NULL,	NULL,	NULL,	NULL,	't'),
 (761,4,NULL,NULL,NULL,761, 'Dachey', 'Céline',NULL,	NULL,	NULL,	NULL,	't'),
 (762,4,NULL,NULL,NULL,762, 'Speerman', 'Océanne',NULL,	NULL,	NULL,	NULL,	't'),
 (763,4,NULL,NULL,NULL,763, 'Baswall', 'Néhémie',NULL,	NULL,	NULL,	NULL,	't'),
 (764,4,NULL,NULL,NULL,764, 'Goldney', 'Laïla',NULL,	NULL,	NULL,	NULL,	't'),
 (765,4,NULL,NULL,NULL,765, 'McKinn', 'Rachèle',NULL,	NULL,	NULL,	NULL,	't'),
 (766,4,NULL,NULL,NULL,766, 'Whyard', 'Maïwenn',NULL,	NULL,	NULL,	NULL,	't'),
 (767,4,NULL,NULL,NULL,767, 'Delion', 'Andrée',NULL,	NULL,	NULL,	NULL,	't'),
 (768,4,NULL,NULL,NULL,768, 'Yousef', 'Bécassine',NULL,	NULL,	NULL,	NULL,	't'),
 (769,4,NULL,NULL,NULL,769, 'Rider', 'Åslög',NULL,	NULL,	NULL,	NULL,	't'),
 (770,4,NULL,NULL,NULL,770, 'Bedboro', 'Thérèse',NULL,	NULL,	NULL,	NULL,	't'),
 (771,4,NULL,NULL,NULL,771, 'Ewin', 'Léandre',NULL,	NULL,	NULL,	NULL,	't'),
 (772,4,NULL,NULL,NULL,772, 'Scardifeild', 'Pénélope',NULL,	NULL,	NULL,	NULL,	't'),
 (773,4,NULL,NULL,NULL,773, 'Oliveto', 'Cléa',NULL,	NULL,	NULL,	NULL,	't'),
 (774,4,NULL,NULL,NULL,774, 'Steffan', 'Adélie',NULL,	NULL,	NULL,	NULL,	't'),
 (775,4,NULL,NULL,NULL,775, 'Lyfield', 'Görel',NULL,	NULL,	NULL,	NULL,	't'),
 (776,4,NULL,NULL,NULL,776, 'Gilcrist', 'Maéna',NULL,	NULL,	NULL,	NULL,	't'),
 (777,4,NULL,NULL,NULL,777, 'Paynton', 'Mélodie',NULL,	NULL,	NULL,	NULL,	't'),
 (778,4,NULL,NULL,NULL,778, 'Zecchinii', 'Joséphine',NULL,	NULL,	NULL,	NULL,	't'),
 (779,4,NULL,NULL,NULL,779, 'Hexam', 'Lorène',NULL,	NULL,	NULL,	NULL,	't'),
 (780,4,NULL,NULL,NULL,780, 'Luff', 'Gaïa',NULL,	NULL,	NULL,	NULL,	't'),
 (781,4,NULL,NULL,NULL,781, 'Rusted', 'Garçon',NULL,	NULL,	NULL,	NULL,	't'),
 (782,4,NULL,NULL,NULL,782, 'Gargett', 'Eléonore',NULL,	NULL,	NULL,	NULL,	't'),
 (783,4,NULL,NULL,NULL,783, 'Hamshaw', 'Lèi',NULL,	NULL,	NULL,	NULL,	't'),
 (784,4,NULL,NULL,NULL,784, 'Nozzolii', 'Danièle',NULL,	NULL,	NULL,	NULL,	't'),
 (785,4,NULL,NULL,NULL,785, 'Hollebon', 'Jú',NULL,	NULL,	NULL,	NULL,	't'),
 (786,4,NULL,NULL,NULL,786, 'MacDonald', 'Dafnée',NULL,	NULL,	NULL,	NULL,	't'),
 (787,4,NULL,NULL,NULL,787, 'Bicheno', 'Lyséa',NULL,	NULL,	NULL,	NULL,	't'),
 (788,4,NULL,NULL,NULL,788, 'St Quenin', 'Léonore',NULL,	NULL,	NULL,	NULL,	't'),
 (789,4,NULL,NULL,NULL,789, 'Deeney', 'Wá',NULL,	NULL,	NULL,	NULL,	't'),
 (790,4,NULL,NULL,NULL,790, 'Schwandermann', 'Océanne',NULL,	NULL,	NULL,	NULL,	't'),
 (791,4,NULL,NULL,NULL,791, 'Champness', 'Kévina',NULL,	NULL,	NULL,	NULL,	't'),
 (792,4,NULL,NULL,NULL,792, 'Ellacott', 'Océanne',NULL,	NULL,	NULL,	NULL,	't'),
 (793,4,NULL,NULL,NULL,793, 'Zoanetti', 'Dafnée',NULL,	NULL,	NULL,	NULL,	't'),
 (794,4,NULL,NULL,NULL,794, 'Matschke', 'Almérinda',NULL,	NULL,	NULL,	NULL,	't'),
 (795,4,NULL,NULL,NULL,795, 'Josefs', 'Eléa',NULL,	NULL,	NULL,	NULL,	't'),
 (796,4,NULL,NULL,NULL,796, 'Winston', 'Vérane',NULL,	NULL,	NULL,	NULL,	't'),
 (797,4,NULL,NULL,NULL,797, 'Vereker', 'Björn',NULL,	NULL,	NULL,	NULL,	't'),
 (798,4,NULL,NULL,NULL,798, 'Stoakes', 'Mégane',NULL,	NULL,	NULL,	NULL,	't'),
 (799,4,NULL,NULL,NULL,799, 'McLeese', 'Illustrée',NULL,	NULL,	NULL,	NULL,	't'),
 (800,4,NULL,NULL,NULL,800, 'Brockley', 'Marie-françoise',NULL,	NULL,	NULL,	NULL,	't'),
 (801,4,NULL,NULL,NULL,801, 'Wheelwright', 'Lén',NULL,	NULL,	NULL,	NULL,	't'),
 (802,4,NULL,NULL,NULL,802, 'Pickaver', 'Inès',NULL,	NULL,	NULL,	NULL,	't'),
 (803,4,NULL,NULL,NULL,803, 'Tolfrey', 'Maëlyss',NULL,	NULL,	NULL,	NULL,	't'),
 (804,4,NULL,NULL,NULL,804, 'Seeger', 'Méryl',NULL,	NULL,	NULL,	NULL,	't'),
 (805,4,NULL,NULL,NULL,805, 'Monroe', 'Vérane',NULL,	NULL,	NULL,	NULL,	't'),
 (806,4,NULL,NULL,NULL,806, 'Alam', 'Méline',NULL,	NULL,	NULL,	NULL,	't'),
 (807,4,NULL,NULL,NULL,807, 'Alstead', 'Ophélie',NULL,	NULL,	NULL,	NULL,	't'),
 (808,4,NULL,NULL,NULL,808, 'Duxbury', 'Edmée',NULL,	NULL,	NULL,	NULL,	't'),
 (809,4,NULL,NULL,NULL,809, 'Wildblood', 'Méng',NULL,	NULL,	NULL,	NULL,	't'),
 (810,4,NULL,NULL,NULL,810, 'Bridson', 'Ruì',NULL,	NULL,	NULL,	NULL,	't'),
 (811,4,NULL,NULL,NULL,811, 'Hadgkiss', 'Cinéma',NULL,	NULL,	NULL,	NULL,	't'),
 (812,4,NULL,NULL,NULL,812, 'Brickdale', 'Irène',NULL,	NULL,	NULL,	NULL,	't'),
 (813,4,NULL,NULL,NULL,813, 'Ferencowicz', 'Loïc',NULL,	NULL,	NULL,	NULL,	't'),
 (814,4,NULL,NULL,NULL,814, 'Laverenz', 'Hélène',NULL,	NULL,	NULL,	NULL,	't'),
 (815,4,NULL,NULL,NULL,815, 'Segeswoeth', 'Kuí',NULL,	NULL,	NULL,	NULL,	't'),
 (816,4,NULL,NULL,NULL,816, 'Ridel', 'Inès',NULL,	NULL,	NULL,	NULL,	't'),
 (817,4,NULL,NULL,NULL,817, 'Korneluk', 'Táng',NULL,	NULL,	NULL,	NULL,	't'),
 (818,4,NULL,NULL,NULL,818, 'De Winton', 'Kuí',NULL,	NULL,	NULL,	NULL,	't'),
 (819,4,NULL,NULL,NULL,819, 'Odo', 'Lóng',NULL,	NULL,	NULL,	NULL,	't'),
 (820,4,NULL,NULL,NULL,820, 'Doblin', 'Mén',NULL,	NULL,	NULL,	NULL,	't'),
 (821,4,NULL,NULL,NULL,821, 'Gent', 'Andréanne',NULL,	NULL,	NULL,	NULL,	't'),
 (822,4,NULL,NULL,NULL,822, 'Pinyon', 'Estève',NULL,	NULL,	NULL,	NULL,	't'),
 (823,4,NULL,NULL,NULL,823, 'Cosstick', 'Annotés',NULL,	NULL,	NULL,	NULL,	't'),
 (824,4,NULL,NULL,NULL,824, 'Marr', 'Garçon',NULL,	NULL,	NULL,	NULL,	't'),
 (825,4,NULL,NULL,NULL,825, 'Hampson', 'Laurélie',NULL,	NULL,	NULL,	NULL,	't'),
 (826,4,NULL,NULL,NULL,826, 'Duffett', 'Lyséa',NULL,	NULL,	NULL,	NULL,	't'),
 (827,4,NULL,NULL,NULL,827, 'Cuell', 'Kévina',NULL,	NULL,	NULL,	NULL,	't'),
 (828,4,NULL,NULL,NULL,828, 'Archell', 'Méng',NULL,	NULL,	NULL,	NULL,	't'),
 (829,4,NULL,NULL,NULL,829, 'Curr', 'Stévina',NULL,	NULL,	NULL,	NULL,	't'),
 (830,4,NULL,NULL,NULL,830, 'Solland', 'Naëlle',NULL,	NULL,	NULL,	NULL,	't'),
 (831,4,NULL,NULL,NULL,831, 'Adanez', 'Loïc',NULL,	NULL,	NULL,	NULL,	't'),
 (832,4,NULL,NULL,NULL,832, 'Arrell', 'Valérie',NULL,	NULL,	NULL,	NULL,	't'),
 (833,4,NULL,NULL,NULL,833, 'Finlay', 'Almérinda',NULL,	NULL,	NULL,	NULL,	't'),
 (834,4,NULL,NULL,NULL,834, 'Zywicki', 'Méng',NULL,	NULL,	NULL,	NULL,	't'),
 (835,4,NULL,NULL,NULL,835, 'Ghidetti', 'Séréna',NULL,	NULL,	NULL,	NULL,	't'),
 (836,4,NULL,NULL,NULL,836, 'Sket', 'Cécile',NULL,	NULL,	NULL,	NULL,	't'),
 (837,4,NULL,NULL,NULL,837, 'Siddele', 'Danièle',NULL,	NULL,	NULL,	NULL,	't'),
 (838,4,NULL,NULL,NULL,838, 'Ablitt', 'Måns',NULL,	NULL,	NULL,	NULL,	't'),
 (839,4,NULL,NULL,NULL,839, 'Lafay', 'Anaé',NULL,	NULL,	NULL,	NULL,	't'),
 (840,4,NULL,NULL,NULL,840, 'Marling', 'Judicaël',NULL,	NULL,	NULL,	NULL,	't'),
 (841,4,NULL,NULL,NULL,841, 'Millhouse', 'Marie-hélène',NULL,	NULL,	NULL,	NULL,	't'),
 (842,4,NULL,NULL,NULL,842, 'Fontaine', 'Françoise',NULL,	NULL,	NULL,	NULL,	't'),
 (843,4,NULL,NULL,NULL,843, 'Jewett', 'Aimée',NULL,	NULL,	NULL,	NULL,	't'),
 (844,4,NULL,NULL,NULL,844, 'Winning', 'Léone',NULL,	NULL,	NULL,	NULL,	't'),
 (845,4,NULL,NULL,NULL,845, 'Lowles', 'Adélaïde',NULL,	NULL,	NULL,	NULL,	't'),
 (846,4,NULL,NULL,NULL,846, 'Castles', 'Audréanne',NULL,	NULL,	NULL,	NULL,	't'),
 (847,4,NULL,NULL,NULL,847, 'Smithen', 'Marie-thérèse',NULL,	NULL,	NULL,	NULL,	't'),
 (848,4,NULL,NULL,NULL,848, 'Ledgard', 'Stévina',NULL,	NULL,	NULL,	NULL,	't'),
 (849,4,NULL,NULL,NULL,849, 'Sinson', 'Pål',NULL,	NULL,	NULL,	NULL,	't'),
 (850,4,NULL,NULL,NULL,850, 'Apfel', 'Bérénice',NULL,	NULL,	NULL,	NULL,	't'),
 (851,4,NULL,NULL,NULL,851, 'Morch', 'Athéna',NULL,	NULL,	NULL,	NULL,	't'),
 (852,4,NULL,NULL,NULL,852, 'Cartmail', 'Frédérique',NULL,	NULL,	NULL,	NULL,	't'),
 (853,4,NULL,NULL,NULL,853, 'Jouhandeau', 'Méthode',NULL,	NULL,	NULL,	NULL,	't'),
 (854,4,NULL,NULL,NULL,854, 'Chaffer', 'Intéressant',NULL,	NULL,	NULL,	NULL,	't'),
 (855,4,NULL,NULL,NULL,855, 'Crofthwaite', 'Thérèsa',NULL,	NULL,	NULL,	NULL,	't'),
 (856,4,NULL,NULL,NULL,856, 'Whitebread', 'Méng',NULL,	NULL,	NULL,	NULL,	't'),
 (857,4,NULL,NULL,NULL,857, 'Jillard', 'Amélie',NULL,	NULL,	NULL,	NULL,	't'),
 (858,4,NULL,NULL,NULL,858, 'Friedank', 'Daphnée',NULL,	NULL,	NULL,	NULL,	't'),
 (859,4,NULL,NULL,NULL,859, 'Kilsby', 'Clémence',NULL,	NULL,	NULL,	NULL,	't'),
 (860,4,NULL,NULL,NULL,860, 'O''Bradane', 'Thérèse',NULL,	NULL,	NULL,	NULL,	't'),
 (861,4,NULL,NULL,NULL,861, 'Whiteland', 'Séverine',NULL,	NULL,	NULL,	NULL,	't'),
 (862,4,NULL,NULL,NULL,862, 'Rosiello', 'Camélia',NULL,	NULL,	NULL,	NULL,	't'),
 (863,4,NULL,NULL,NULL,863, 'Spilling', 'Célia',NULL,	NULL,	NULL,	NULL,	't'),
 (864,4,NULL,NULL,NULL,864, 'Baseley', 'Adélaïde',NULL,	NULL,	NULL,	NULL,	't'),
 (865,4,NULL,NULL,NULL,865, 'Batchelour', 'Zoé',NULL,	NULL,	NULL,	NULL,	't'),
 (866,4,NULL,NULL,NULL,866, 'Hulmes', 'Estève',NULL,	NULL,	NULL,	NULL,	't'),
 (867,4,NULL,NULL,NULL,867, 'Paute', 'Cunégonde',NULL,	NULL,	NULL,	NULL,	't'),
 (868,4,NULL,NULL,NULL,868, 'Aitken', 'Maëlyss',NULL,	NULL,	NULL,	NULL,	't'),
 (869,4,NULL,NULL,NULL,869, 'Ayre', 'Méline',NULL,	NULL,	NULL,	NULL,	't'),
 (870,4,NULL,NULL,NULL,870, 'Stoke', 'Noëlla',NULL,	NULL,	NULL,	NULL,	't'),
 (871,4,NULL,NULL,NULL,871, 'Kornilov', 'Pò',NULL,	NULL,	NULL,	NULL,	't'),
 (872,4,NULL,NULL,NULL,872, 'Labro', 'Cécilia',NULL,	NULL,	NULL,	NULL,	't'),
 (873,4,NULL,NULL,NULL,873, 'Worman', 'Uò',NULL,	NULL,	NULL,	NULL,	't'),
 (874,4,NULL,NULL,NULL,874, 'De La Haye', 'Irène',NULL,	NULL,	NULL,	NULL,	't'),
 (875,4,NULL,NULL,NULL,875, 'Andreucci', 'Maëly',NULL,	NULL,	NULL,	NULL,	't'),
 (876,4,NULL,NULL,NULL,876, 'Newbigging', 'Maïlys',NULL,	NULL,	NULL,	NULL,	't'),
 (877,4,NULL,NULL,NULL,877, 'Dudley', 'Örjan',NULL,	NULL,	NULL,	NULL,	't'),
 (878,4,NULL,NULL,NULL,878, 'Moultrie', 'Maïlis',NULL,	NULL,	NULL,	NULL,	't'),
 (879,4,NULL,NULL,NULL,879, 'Conibear', 'Marie-ève',NULL,	NULL,	NULL,	NULL,	't'),
 (880,4,NULL,NULL,NULL,880, 'Batchelour', 'Léone',NULL,	NULL,	NULL,	NULL,	't'),
 (881,4,NULL,NULL,NULL,881, 'Coath', 'Mélys',NULL,	NULL,	NULL,	NULL,	't'),
 (882,4,NULL,NULL,NULL,882, 'Ivanyushkin', 'Maïlis',NULL,	NULL,	NULL,	NULL,	't'),
 (883,4,NULL,NULL,NULL,883, 'Fireman', 'Åsa',NULL,	NULL,	NULL,	NULL,	't'),
 (884,4,NULL,NULL,NULL,884, 'McDermott', 'Irène',NULL,	NULL,	NULL,	NULL,	't'),
 (885,4,NULL,NULL,NULL,885, 'Yeld', 'Maïly',NULL,	NULL,	NULL,	NULL,	't'),
 (886,4,NULL,NULL,NULL,886, 'Cowoppe', 'Stéphanie',NULL,	NULL,	NULL,	NULL,	't'),
 (887,4,NULL,NULL,NULL,887, 'Runciman', 'Lén',NULL,	NULL,	NULL,	NULL,	't'),
 (888,4,NULL,NULL,NULL,888, 'Irvine', 'Félicie',NULL,	NULL,	NULL,	NULL,	't'),
 (889,4,NULL,NULL,NULL,889, 'Chiles', 'Dorothée',NULL,	NULL,	NULL,	NULL,	't'),
 (890,4,NULL,NULL,NULL,890, 'Twatt', 'Bérangère',NULL,	NULL,	NULL,	NULL,	't'),
 (891,4,NULL,NULL,NULL,891, 'Cyster', 'Marylène',NULL,	NULL,	NULL,	NULL,	't'),
 (892,4,NULL,NULL,NULL,892, 'Chansonnau', 'Måns',NULL,	NULL,	NULL,	NULL,	't'),
 (893,4,NULL,NULL,NULL,893, 'Dalmon', 'Daphnée',NULL,	NULL,	NULL,	NULL,	't'),
 (894,4,NULL,NULL,NULL,894, 'Nono', 'Cléopatre',NULL,	NULL,	NULL,	NULL,	't'),
 (895,4,NULL,NULL,NULL,895, 'Cornforth', 'Östen',NULL,	NULL,	NULL,	NULL,	't'),
 (896,4,NULL,NULL,NULL,896, 'Friman', 'Bénédicte',NULL,	NULL,	NULL,	NULL,	't'),
 (897,4,NULL,NULL,NULL,897, 'Ayshford', 'Audréanne',NULL,	NULL,	NULL,	NULL,	't'),
 (898,4,NULL,NULL,NULL,898, 'Kenworthey', 'Görel',NULL,	NULL,	NULL,	NULL,	't'),
 (899,4,NULL,NULL,NULL,899, 'Layzell', 'Hélèna',NULL,	NULL,	NULL,	NULL,	't'),
 (900,4,NULL,NULL,NULL,900, 'Corah', 'Andréanne',NULL,	NULL,	NULL,	NULL,	't'),
 (901,4,NULL,NULL,NULL,901, 'Abbate', 'Sòng',NULL,	NULL,	NULL,	NULL,	't'),
 (902,4,NULL,NULL,NULL,902, 'Croom', 'Méghane',NULL,	NULL,	NULL,	NULL,	't'),
 (903,4,NULL,NULL,NULL,903, 'Reeks', 'Marlène',NULL,	NULL,	NULL,	NULL,	't'),
 (904,4,NULL,NULL,NULL,904, 'Sabine', 'Géraldine',NULL,	NULL,	NULL,	NULL,	't'),
 (905,4,NULL,NULL,NULL,905, 'Wellfare', 'Táng',NULL,	NULL,	NULL,	NULL,	't'),
 (906,4,NULL,NULL,NULL,906, 'Baiss', 'Michèle',NULL,	NULL,	NULL,	NULL,	't'),
 (907,4,NULL,NULL,NULL,907, 'Aindrais', 'Gaétane',NULL,	NULL,	NULL,	NULL,	't'),
 (908,4,NULL,NULL,NULL,908, 'Darco', 'Lorène',NULL,	NULL,	NULL,	NULL,	't'),
 (909,4,NULL,NULL,NULL,909, 'Tschierse', 'Agnès',NULL,	NULL,	NULL,	NULL,	't'),
 (910,4,NULL,NULL,NULL,910, 'Hawksworth', 'Rachèle',NULL,	NULL,	NULL,	NULL,	't'),
 (911,4,NULL,NULL,NULL,911, 'Capponer', 'Adèle',NULL,	NULL,	NULL,	NULL,	't'),
 (912,4,NULL,NULL,NULL,912, 'Wharin', 'Renée',NULL,	NULL,	NULL,	NULL,	't'),
 (913,4,NULL,NULL,NULL,913, 'Jocic', 'Maï',NULL,	NULL,	NULL,	NULL,	't'),
 (914,4,NULL,NULL,NULL,914, 'Angric', 'Gösta',NULL,	NULL,	NULL,	NULL,	't'),
 (915,4,NULL,NULL,NULL,915, 'Willowby', 'Simplifiés',NULL,	NULL,	NULL,	NULL,	't'),
 (916,4,NULL,NULL,NULL,916, 'Chadbourn', 'Zoé',NULL,	NULL,	NULL,	NULL,	't'),
 (917,4,NULL,NULL,NULL,917, 'Schlagtmans', 'Mélodie',NULL,	NULL,	NULL,	NULL,	't'),
 (918,4,NULL,NULL,NULL,918, 'Pawelek', 'Mélodie',NULL,	NULL,	NULL,	NULL,	't'),
 (919,4,NULL,NULL,NULL,919, 'Gagin', 'Laurène',NULL,	NULL,	NULL,	NULL,	't'),
 (920,4,NULL,NULL,NULL,920, 'Mansford', 'Clémence',NULL,	NULL,	NULL,	NULL,	't'),
 (921,4,NULL,NULL,NULL,921, 'Grigorini', 'Géraldine',NULL,	NULL,	NULL,	NULL,	't'),
 (922,4,NULL,NULL,NULL,922, 'Walliker', 'Kévina',NULL,	NULL,	NULL,	NULL,	't'),
 (923,4,NULL,NULL,NULL,923, 'Bryett', 'Bérénice',NULL,	NULL,	NULL,	NULL,	't'),
 (924,4,NULL,NULL,NULL,924, 'Noods', 'Solène',NULL,	NULL,	NULL,	NULL,	't'),
 (925,4,NULL,NULL,NULL,925, 'Reucastle', 'Méryl',NULL,	NULL,	NULL,	NULL,	't'),
 (926,4,NULL,NULL,NULL,926, 'Mc Queen', 'Léandre',NULL,	NULL,	NULL,	NULL,	't'),
 (927,4,NULL,NULL,NULL,927, 'Kibblewhite', 'Adèle',NULL,	NULL,	NULL,	NULL,	't'),
 (928,4,NULL,NULL,NULL,928, 'Goforth', 'Noëlla',NULL,	NULL,	NULL,	NULL,	't'),
 (929,4,NULL,NULL,NULL,929, 'Sam', 'Angélique',NULL,	NULL,	NULL,	NULL,	't'),
 (930,4,NULL,NULL,NULL,930, 'Florez', 'Marlène',NULL,	NULL,	NULL,	NULL,	't'),
 (931,4,NULL,NULL,NULL,931, 'Ceresa', 'Josée',NULL,	NULL,	NULL,	NULL,	't'),
 (932,4,NULL,NULL,NULL,932, 'Bener', 'Laurène',NULL,	NULL,	NULL,	NULL,	't'),
 (933,4,NULL,NULL,NULL,933, 'Rockhall', 'Maëlla',NULL,	NULL,	NULL,	NULL,	't'),
 (934,4,NULL,NULL,NULL,934, 'Niche', 'Thérèse',NULL,	NULL,	NULL,	NULL,	't'),
 (935,4,NULL,NULL,NULL,935, 'Haigh', 'Maëly',NULL,	NULL,	NULL,	NULL,	't'),
 (936,4,NULL,NULL,NULL,936, 'Sweetmore', 'Eliès',NULL,	NULL,	NULL,	NULL,	't'),
 (937,4,NULL,NULL,NULL,937, 'Basill', 'Daphnée',NULL,	NULL,	NULL,	NULL,	't'),
 (938,4,NULL,NULL,NULL,938, 'Hampshire', 'Clélia',NULL,	NULL,	NULL,	NULL,	't'),
 (939,4,NULL,NULL,NULL,939, 'Cervantes', 'Mélanie',NULL,	NULL,	NULL,	NULL,	't'),
 (940,4,NULL,NULL,NULL,940, 'Middlemist', 'Mégane',NULL,	NULL,	NULL,	NULL,	't'),
 (941,4,NULL,NULL,NULL,941, 'Scalera', 'Andrée',NULL,	NULL,	NULL,	NULL,	't'),
 (942,4,NULL,NULL,NULL,942, 'Vitler', 'Séréna',NULL,	NULL,	NULL,	NULL,	't'),
 (943,4,NULL,NULL,NULL,943, 'Pimblett', 'Gérald',NULL,	NULL,	NULL,	NULL,	't'),
 (944,4,NULL,NULL,NULL,944, 'Lackeye', 'Lén',NULL,	NULL,	NULL,	NULL,	't'),
 (945,4,NULL,NULL,NULL,945, 'Jacquemy', 'Maïwenn',NULL,	NULL,	NULL,	NULL,	't'),
 (946,4,NULL,NULL,NULL,946, 'Baseggio', 'Estée',NULL,	NULL,	NULL,	NULL,	't'),
 (947,4,NULL,NULL,NULL,947, 'MacAulay', 'Néhémie',NULL,	NULL,	NULL,	NULL,	't'),
 (948,4,NULL,NULL,NULL,948, 'Tezure', 'Erwéi',NULL,	NULL,	NULL,	NULL,	't'),
 (949,4,NULL,NULL,NULL,949, 'Petchey', 'Marylène',NULL,	NULL,	NULL,	NULL,	't'),
 (950,4,NULL,NULL,NULL,950, 'Seleway', 'Lén',NULL,	NULL,	NULL,	NULL,	't'),
 (951,4,NULL,NULL,NULL,951, 'Thame', 'Mà',NULL,	NULL,	NULL,	NULL,	't'),
 (952,4,NULL,NULL,NULL,952, 'Tregona', 'Hélèna',NULL,	NULL,	NULL,	NULL,	't'),
 (953,4,NULL,NULL,NULL,953, 'Forde', 'Eloïse',NULL,	NULL,	NULL,	NULL,	't'),
 (954,4,NULL,NULL,NULL,954, 'Perrins', 'Bénédicte',NULL,	NULL,	NULL,	NULL,	't'),
 (955,4,NULL,NULL,NULL,955, 'Chadbourne', 'Mélanie',NULL,	NULL,	NULL,	NULL,	't'),
 (956,4,NULL,NULL,NULL,956, 'Robardley', 'Vérane',NULL,	NULL,	NULL,	NULL,	't'),
 (957,4,NULL,NULL,NULL,957, 'McGinn', 'Cléopatre',NULL,	NULL,	NULL,	NULL,	't'),
 (958,4,NULL,NULL,NULL,958, 'Wytchard', 'Vérane',NULL,	NULL,	NULL,	NULL,	't'),
 (959,4,NULL,NULL,NULL,959, 'Pryor', 'Gaëlle',NULL,	NULL,	NULL,	NULL,	't'),
 (960,4,NULL,NULL,NULL,960, 'Mityushin', 'Lóng',NULL,	NULL,	NULL,	NULL,	't'),
 (961,4,NULL,NULL,NULL,961, 'Crutcher', 'Céline',NULL,	NULL,	NULL,	NULL,	't'),
 (962,4,NULL,NULL,NULL,962, 'Gascoyen', 'Céline',NULL,	NULL,	NULL,	NULL,	't'),
 (963,4,NULL,NULL,NULL,963, 'Bumphries', 'Eléa',NULL,	NULL,	NULL,	NULL,	't'),
 (964,4,NULL,NULL,NULL,964, 'Thunnerclef', 'Adèle',NULL,	NULL,	NULL,	NULL,	't'),
 (965,4,NULL,NULL,NULL,965, 'Kennington', 'Méng',NULL,	NULL,	NULL,	NULL,	't'),
 (966,4,NULL,NULL,NULL,966, 'Brackenbury', 'Estève',NULL,	NULL,	NULL,	NULL,	't'),
 (967,4,NULL,NULL,NULL,967, 'Peidro', 'Ruì',NULL,	NULL,	NULL,	NULL,	't'),
 (968,4,NULL,NULL,NULL,968, 'Halliwell', 'Bécassine',NULL,	NULL,	NULL,	NULL,	't'),
 (969,4,NULL,NULL,NULL,969, 'Lathbury', 'Bérangère',NULL,	NULL,	NULL,	NULL,	't'),
 (970,4,NULL,NULL,NULL,970, 'Griggs', 'Örjan',NULL,	NULL,	NULL,	NULL,	't'),
 (971,4,NULL,NULL,NULL,971, 'Anthes', 'Alizée',NULL,	NULL,	NULL,	NULL,	't'),
 (972,4,NULL,NULL,NULL,972, 'Sagg', 'Lén',NULL,	NULL,	NULL,	NULL,	't'),
 (973,4,NULL,NULL,NULL,973, 'Maletratt', 'Léonore',NULL,	NULL,	NULL,	NULL,	't'),
 (974,4,NULL,NULL,NULL,974, 'Spellar', 'Françoise',NULL,	NULL,	NULL,	NULL,	't'),
 (975,4,NULL,NULL,NULL,975, 'Jore', 'Judicaël',NULL,	NULL,	NULL,	NULL,	't'),
 (976,4,NULL,NULL,NULL,976, 'Balchin', 'Annotée',NULL,	NULL,	NULL,	NULL,	't'),
 (977,4,NULL,NULL,NULL,977, 'Perfili', 'Aimée',NULL,	NULL,	NULL,	NULL,	't'),
 (978,4,NULL,NULL,NULL,978, 'Matskevich', 'Nadège',NULL,	NULL,	NULL,	NULL,	't'),
 (979,4,NULL,NULL,NULL,979, 'Gullan', 'Méthode',NULL,	NULL,	NULL,	NULL,	't'),
 (980,4,NULL,NULL,NULL,980, 'Millership', 'Cécilia',NULL,	NULL,	NULL,	NULL,	't'),
 (981,4,NULL,NULL,NULL,981, 'Elijahu', 'Frédérique',NULL,	NULL,	NULL,	NULL,	't'),
 (982,4,NULL,NULL,NULL,982, 'McJarrow', 'Méthode',NULL,	NULL,	NULL,	NULL,	't'),
 (983,4,NULL,NULL,NULL,983, 'Yerborn', 'Marie-hélène',NULL,	NULL,	NULL,	NULL,	't'),
 (984,4,NULL,NULL,NULL,984, 'Scotson', 'Pål',NULL,	NULL,	NULL,	NULL,	't'),
 (985,4,NULL,NULL,NULL,985, 'Budnk', 'Méryl',NULL,	NULL,	NULL,	NULL,	't'),
 (986,4,NULL,NULL,NULL,986, 'Tarborn', 'Pò',NULL,	NULL,	NULL,	NULL,	't'),
 (987,4,NULL,NULL,NULL,987, 'Simonite', 'Maëly',NULL,	NULL,	NULL,	NULL,	't'),
 (988,4,NULL,NULL,NULL,988, 'Forsdike', 'Béatrice',NULL,	NULL,	NULL,	NULL,	't'),
 (989,4,NULL,NULL,NULL,989, 'Godin', 'Anaël',NULL,	NULL,	NULL,	NULL,	't'),
 (990,4,NULL,NULL,NULL,990, 'McSorley', 'Sòng',NULL,	NULL,	NULL,	NULL,	't'),
 (991,4,NULL,NULL,NULL,991, 'Pierce', 'Andrée',NULL,	NULL,	NULL,	NULL,	't'),
 (992,4,NULL,NULL,NULL,992, 'McInnery', 'Maëlys',NULL,	NULL,	NULL,	NULL,	't'),
 (993,4,NULL,NULL,NULL,993, 'Blune', 'Maïlis',NULL,	NULL,	NULL,	NULL,	't'),
 (994,4,NULL,NULL,NULL,994, 'Gabbot', 'Séverine',NULL,	NULL,	NULL,	NULL,	't'),
 (995,4,NULL,NULL,NULL,995, 'Butterick', 'Laïla',NULL,	NULL,	NULL,	NULL,	't'),
 (996,4,NULL,NULL,NULL,996, 'Tapper', 'Maëlla',NULL,	NULL,	NULL,	NULL,	't'),
 (997,4,NULL,NULL,NULL,997, 'Donovin', 'Gaïa',NULL,	NULL,	NULL,	NULL,	't'),
 (998,4,NULL,NULL,NULL,998, 'Richel', 'Maï',NULL,	NULL,	NULL,	NULL,	't'),
 (999,4,NULL,NULL,NULL,999, 'Nassie', 'Andréa',NULL,	NULL,	NULL,	NULL,	't');

SELECT SETVAL('tg_personne_id_personne_seq',1010);

INSERT INTO "tg_utilisateur" ("id", "id_personne", "username", "username_canonical", "email", "email_canonical", "enabled", "salt", "password", "last_login", "confirmation_token", "password_requested_at", "roles", "identifiant_demande", "cd_activation", "dh_envoi_code") VALUES
(7,	7,	'varron',	'varron',	'varron@anr.fr',	'varron@anr.fr',	't',	NULL,	'$2y$13$gy7twxAC8R0ruuQSUIzFA.C9UGJ7.Wt8exvDASnV.cTI4VxL2Wyoq',	'2020-06-11 18:11:17',	NULL,	NULL,	'a:0:{}',	NULL,	NULL,	NULL),
(11,	11,	'cpsp1',	'cpsp1',	'cpsp1@anr.fr',	'cpsp1@anr.fr',	't',	NULL,	'$2y$13$V/JzrYlGa4Fyq1Tz4ZONIuUh0zEiCjlXLEd1xIqDieeMKzYXyspDC',	'2020-09-08 11:47:49',	NULL,	NULL,	'a:0:{}',	NULL,	NULL,	'2020-08-14 09:43:10'),
(17,	17,	'cpss5',	'cpss5',	'cpss5@anr.fr',	'cpss5@anr.fr',	't',	NULL,	'$2y$13$DS1e/zrXTXgifPcUwjN9S.u2pwUGqC2fW/4xQiK6uKFVmGNmPC97K',	'2020-06-11 18:11:17',	NULL,	NULL,	'a:0:{}',	NULL,	NULL,	NULL),
(18,	18,	'cpss4',	'cpss4',	'cpss4@anr.fr',	'cpss4@anr.fr',	't',	NULL,	'$2y$13$L6aeN/AGmNemA2Ci.CJFU.m30c/WBZ3x3zNPJcw/MqqpptEbTV03m',	'2020-06-11 18:11:17',	NULL,	NULL,	'a:0:{}',	NULL,	NULL,	NULL),
(20,	20,	'cpsp6',	'cpsp6',	'cpsp6@anr.fr',	'cpsp6@anr.fr',	't',	NULL,	'$2y$13$blBiylz4aQexGSnDjorG1O9UOcwPqqeYv33DuHkNBtenFoDKDYioK',	'2020-06-11 18:11:17',	NULL,	NULL,	'a:0:{}',	NULL,	NULL,	NULL),
(21,	21,	'pres4',	'pres4',	'pres4@anr.fr',	'pres4@anr.fr',	't',	NULL,	'$2y$13$Ri8/x5NlgvJ.v9oBydlLJ.tPPwP4owSO4aIE/caduCKH4q2d9Paiu',	'2020-06-11 18:11:17',	NULL,	NULL,	'a:0:{}',	NULL,	NULL,	NULL),
(22,	22,	'vp1',	'vp1',	'vp1@anr.fr',	'vp1@anr.fr',	't',	NULL,	'$2y$13$.JXoghwW/1c.wsIYBXBwfeuAgL56fKyCu/yC.bVBx5PI8UCOKQ5d2',	'2020-06-11 18:11:17',	NULL,	NULL,	'a:0:{}',	NULL,	NULL,	NULL),
(23,	23,	'vp2',	'vp2',	'vp2@anr.fr',	'vp2@anr.fr',	't',	NULL,	'$2y$13$qdVGW.ibEGCdfL0Ii/lAveilhQE/2Hkn./cUd0adLM9mvWDbL8Jie',	'2020-06-11 18:11:17',	NULL,	NULL,	'a:0:{}',	NULL,	NULL,	NULL),
(24,	24,	'vp3',	'vp3',	'vp3@anr.fr',	'vp3@anr.fr',	't',	NULL,	'$2y$13$gu.OhAq.SA/.W63G2hjnTucL4XPG.OFOSqUb7wunSsyvK7RFh7BVa',	'2020-06-11 18:11:17',	NULL,	NULL,	'a:0:{}',	NULL,	NULL,	NULL),
(25,	25,	'vp4',	'vp4',	'vp4@anr.fr',	'vp4@anr.fr',	't',	NULL,	'$2y$13$kHdSM2amG1NaBbqdecrRoeuJKKVqfHjVuGrZHrVKsbXPTYRFXOeOO',	'2020-06-11 18:11:17',	NULL,	NULL,	'a:0:{}',	NULL,	NULL,	NULL),
(27,	27,	'dali',	'dali',	'dali.chikhaoui@anr.fr',	'dali.chikhaoui@anr.fr',	't',	'c302bb3217a766539f7ba13d5ba038bb1bacd56a',	'$2y$13$3Z4a9gn3ETAYC0ZR1USCaeJDx19YIlcbk78s/wvwo8i5g9NOFoeT.',	'2020-06-11 18:11:17',	NULL,	NULL,	'a:0:{}',	NULL,	NULL,	NULL),
(14,	14,	'cpss1',	'cpss1',	'cpss1@anr.fr',	'cpss1@anr.fr',	't',	NULL,	'$2y$13$xm3WFLqg01A0A0FltvnnP.YRbsGK/tIqgyPRpP/iclSno2aZlsz.W',	'2020-08-31 15:57:55',	NULL,	NULL,	'a:0:{}',	NULL,	NULL,	NULL),
(30,	56,	'zdzd@tetets.fr',	'zdzd@tetets.fr',	'zdzd@tetets.fr',	'zdzd@tetets.fr',	'f',	'd2d87fddda7836a97f1f000961da1d822728fd68',	'zdzdzdzd',	NULL,	'WvuQCI7C6gxUu0zgSU8ShBrZaM1HLi4u3DQjQWI3aP0',	NULL,	'a:0:{}',	NULL,	NULL,	NULL),
(42,	150,	'ecatoire59@hotmail.com',	'ecatoire59@hotmail.com',	'ecatoire59@hotmail.com',	'ecatoire59@hotmail.com',	'f',	NULL,	'$2y$13$SKtU7GrDskcXn503vvI/7.Ah36kekHkmXnEbrbAsZobKf3fRCD/Hi',	NULL,	'cVaib7ySe3c3jc5nxhXy-leBe2dlI7B1788GBO-8htM',	NULL,	'a:0:{}',	NULL,	NULL,	NULL),
(39,	114,	'eric.catoirea@agencerecherche.fr',	'eric.catoirea@agencerecherche.fr',	'eric.catoirea@agencerecherche.fr',	'eric.catoirea@agencerecherche.fr',	't',	NULL,	'$2y$13$OQtPiM3LYCYk19thMY3LVeIwCQudqpik1SyorYoKk2rhlFE5UpEvK',	'2020-06-26 16:47:30',	'nVp47DTVx4tyeiSoXCsCJQM8txhIrgvgrAeA2toTUI4',	NULL,	'a:0:{}',	NULL,	NULL,	NULL),
(5,	5,	'dosem1',	'dosem1',	'dosem1@anr.fr',	'dosem1@anr.fr',	't',	NULL,	'$2y$13$7qdr/KRC8y75u8V9aXMMwuA61V8zA4X6CUF5Icm6JySOiWV8hsSja',	'2020-08-29 13:21:47',	NULL,	NULL,	'a:1:{i:0;s:11:"ROLE_DOS_EM";}',	NULL,	NULL,	NULL),
(8,	8,	'president',	'president',	'jean-damien.pillet@polytechnique.edu',	'jean-damien.pillet@polytechnique.edu',	't',	NULL,	'$2y$13$VaaFbY./BRmKGZL01JkG2.nZbu9QGdG0ccJidQzVOh6DqHJRlVpEy',	'2020-09-04 13:48:10',	NULL,	NULL,	'a:0:{}',	NULL,	NULL,	NULL),
(10,	10,	'pilote2',	'pilote2',	'pilote2@anr.fr',	'pilote2@anr.fr',	't',	NULL,	'$2y$13$SCPbJ2wd/wGRGa5U/fHxP.mmK4q7uQ6fa4s/oQYVHxYuhIhfLWndK',	'2020-07-24 14:30:17',	NULL,	NULL,	'a:0:{}',	NULL,	NULL,	NULL),
(67,	206,	'ramail.test.fr',	'ramail.test.fr',	'ramail.test.fr',	'ramail.test.fr',	'f',	'2e80f6fe52a8973105db48dbd64c9f797608fb25',	'ranom',	NULL,	'iHPvOnGn6FcS_DDOHaBL08oITKxcBWGzX_wDe4lQvgA',	NULL,	'a:0:{}',	NULL,	NULL,	NULL),
(26,	26,	'cpsp4',	'cpsp4',	'cpsp4@anr.fr',	'cpsp4@anr.fr',	't',	NULL,	'$2y$13$TIv84FWXvU845FKDhf9L6OMEmOGqK06.dkmcplGAoEX.w39i9COm.',	'2020-07-17 10:24:16',	NULL,	NULL,	'a:0:{}',	NULL,	NULL,	NULL),
(62,	NULL,	'arnaud.masclet1@gfi.fr',	'arnaud.masclet1@gfi.fr',	'arnaud.masclet1@gfi.fr',	'arnaud.masclet1@gfi.fr',	'f',	NULL,	'$2y$13$Rn0EYIK0mYFCrKDSN7j.Au0YKjTar1f2t9tcQwSCGZykH0sAa93Me',	NULL,	'',	NULL,	'a:0:{}',	NULL,	NULL,	NULL),
(58,	194,	'arnaud.masclet2@gfi.fr',	'arnaud.masclet2@gfi.fr',	'arnaud.mascle2t@gfi.fr',	'arnaud.masclet2@gfi.fr',	'f',	NULL,	'$2y$13$Rn0EYIK0mYFCrKDSN7j.Au0YKjTar1f2t9tcQwSCGZykH0sAa93Me',	NULL,	'SJus632JseTxKO8xCbUUOULtY4aKpQPutIZXfamvZvw',	NULL,	'a:0:{}',	NULL,	NULL,	NULL),
(65,	204,	'ramouche@test.fr',	'ramouche@test.fr',	'ramouche@test.fr',	'ramouche@test.fr',	'f',	'185cdd9ce75cea6df964471f7d0e362b9ada8674',	'RAtsetse',	NULL,	'RyPMO9ixeHXKacuNdV2HhnEnEOrxPSRtCP2NIrvm7L8',	NULL,	'a:0:{}',	NULL,	NULL,	NULL),
(63,	199,	'arnaud.masclet@gfi.fr',	'arnaud.masclet@gfi.fr',	'arnaud.masclet@gfi.fr',	'arnaud.masclet@gfi.fr',	'f',	NULL,	'$2y$13$RkN38O/N.fhZLx9MAH57teZS2YCirzzWrPWHNQAZkAtXRhkdWwQwK',	NULL,	'P_k742_TAlEQWgnTMEYNm3izb4fa2vP8y9R-uU18Hhs',	NULL,	'a:0:{}',	NULL,	NULL,	NULL),
(40,	121,	'mohamed.chikhaoui@anr.fr',	'mohamed.chikhaoui@anr.fr',	'mohamed.chikhaoui@anr.fr',	'mohamed.chikhaoui@anr.fr',	't',	NULL,	'$2y$13$abEvrTqdTPwd9TKPYG5aJe9oj2Q6WqO07khODfYDbRTCjTRIWoRb.',	'2020-07-15 14:58:37',	'oXeRfwIyeLN9KJARlviIRTu9JCFqsCaxCmAxvfh-aG0',	NULL,	'a:0:{}',	NULL,	NULL,	NULL),
(6,	6,	'pilote1',	'pilote1',	'pilote1@anr.fr',	'pilote1@anr.fr',	't',	NULL,	'$2y$13$KL9QAZQfF35XpZ6paaxtMeaeB3Suy.tw2tW/S3I45mVQJq1aa3oLK',	'2020-09-04 14:05:15',	NULL,	NULL,	'a:0:{}',	NULL,	NULL,	NULL),
(69,	214,	'testmailsansarobas',	'testmailsansarobas',	'testmailsansarobas',	'testmailsansarobas',	'f',	'e9d2e2090f8bf2f368c94d26d00d515a51aeb236',	'raNom',	NULL,	'Ivlmw3DFW1IbOx2rGIfGAwaliXglByQqpkmkv25Y-QM',	NULL,	'a:0:{}',	NULL,	NULL,	NULL),
(2,	2,	'pres2',	'pres2',	'pres2@anr.fr',	'pres2@anr.fr',	't',	NULL,	'$2y$13$l.NcbY7.REMNMntsqXni6eKf7U6cd9VkOuikCVdAGafQ32pTsM4dm',	'2020-07-24 14:35:13',	NULL,	NULL,	'a:0:{}',	NULL,	NULL,	NULL),
(9,	9,	'dosem2',	'dosem2',	'dosem2@anr.fr',	'dosem2@anr.fr',	't',	NULL,	'$2y$13$CI5uIj.WQbKeYIElzFO0fePmQiHhD5lejGairhXwWo9wpmRBzqRxe',	'2020-06-11 20:20:57',	NULL,	NULL,	'a:1:{i:0;s:11:"ROLE_DOS_EM";}',	NULL,	NULL,	NULL),
(4,	4,	'adlen',	'adlen',	'adlen@anr.fr',	'adlen@anr.fr',	't',	NULL,	'$2y$13$abEvrTqdTPwd9TKPYG5aJe9oj2Q6WqO07khODfYDbRTCjTRIWoRb.',	'2020-09-07 13:43:55',	NULL,	NULL,	'a:1:{i:0;s:10:"ROLE_ADMIN";}',	NULL,	NULL,	NULL),
(16,	16,	'cpss3',	'cpss3',	'cpss3@anr.fr',	'cpss3@anr.fr',	't',	NULL,	'$2y$13$Xx3PCaJBIt1Og9lKbNF/u.1OzchZSGqX16X1HTefSv8KY89a/2LHi',	'2020-07-16 16:45:47',	NULL,	NULL,	'a:0:{}',	NULL,	NULL,	NULL),
(3,	3,	'pres3',	'pres3',	'pres3@anr.fr',	'pres3@anr.fr',	't',	NULL,	'$2y$13$aAmlwWp8T.BbQl4S0EWyMeo1Gkps24.pxQBHJvSThNKLdlaEdDEde',	'2020-07-17 15:10:47',	NULL,	NULL,	'a:0:{}',	NULL,	NULL,	NULL),
(13,	13,	'cpsp3',	'cpsp3',	'cpsp3@anr.fr',	'cpsp3@anr.fr',	't',	NULL,	'$2y$13$LLodkJ2NsGapenCnfgH.l.CHPV1UwCxyhgnwxQS3IrJtkrqvo8.rq',	'2020-08-18 10:41:33',	NULL,	NULL,	'a:0:{}',	NULL,	NULL,	NULL),
(29,	55,	'Mohamed-ali.CHIKHAOUI@agencerecherche.fr',	'mohamed-ali.chikhaoui@agencerecherche.fr',	'Mohamed-ali.CHIKHAOUI@agencerecherche.fr',	'mohamed-ali.chikhaoui@agencerecherche.fr',	't',	NULL,	'$2y$13$.9FUfqwfv1h3OoqIHM22zOIrIsZbXTSSn/QsxNVHObtZggxzL/Wma',	'2020-08-11 10:51:23',	'tNtbej-d_S0u6IyF893qm_k8kopdqMXo2ITYsqfb7jI',	NULL,	'a:0:{}',	NULL,	NULL,	NULL),
(19,	19,	'cpsp5',	'cpsp5',	'cpsp5@anr.fr',	'cpsp5@anr.fr',	't',	NULL,	'$2y$13$dx80D/1qvDnbZLOAZGrr6umEPB4.fci740Nm6gAPIMuB/exiy4F42',	'2020-07-24 11:32:17',	NULL,	NULL,	'a:0:{}',	NULL,	NULL,	NULL),
(15,	15,	'cpss2',	'cpss2',	'cpss2@anr.fr',	'cpss2@anr.fr',	't',	NULL,	'$2y$13$hum6CF8YroH4JwqHtQY4AucidF88vlvtlViLwZYw.4gNYqTfSXSAK',	'2020-08-18 10:42:02',	NULL,	NULL,	'a:0:{}',	NULL,	NULL,	NULL),
(1,	1,	'pres1',	'pres1',	'pres1@anr.fr',	'pres1@anr.fr',	't',	NULL,	'$2y$13$3JvbJ.7kDj.MJ2JjT41zZ.1hB7voyabb1j4qUQlcs9j5kmCnPXM1K',	'2020-08-28 14:27:14',	NULL,	NULL,	'a:0:{}',	NULL,	NULL,	NULL),
(12,	12,	'cpsp2',	'cpsp2',	'cpsp2@anr.fr',	'cpsp2@anr.fr',	't',	NULL,	'$2y$13$Yx8l0KxZQqAYBZEK/4CCJOcunm6rRcI2qTn34hZXAzVHygnIin4N6',	'2020-08-20 11:43:57',	NULL,	NULL,	'a:0:{}',	NULL,	NULL,	NULL),
(53,	36,	'mbre3',	'mbre3',	'mbre3@anr.fr',	'mbre3@anr.fr',	't',	NULL,	'$2y$13$CBCjJeAHjzLy0/oR22CrZeyuucQTVjwhqN73Fycue8FqtJai.9dme',	'2020-09-03 10:55:57',	NULL,	NULL,	'a:0:{}',	NULL,	NULL,	NULL),
(52,	39,	'mbre2',	'mbre2',	'mbre2@anr.fr',	'mbre2@anr.fr',	't',	NULL,	'$2y$13$CTXdWJhotTT7bsfcTZ3q9.r7Y5PhTEHTuI4c.HtWRXaz1CLjtDFRS',	'2020-09-03 10:57:11',	NULL,	NULL,	'a:0:{}',	NULL,	NULL,	NULL),
(51,	38,	'mbre1',	'mbre1',	'mbre1@anr.fr',	'mbre1@anr.fr',	't',	NULL,	'$2y$13$S/VagDSS2Qwv.ExwhZsXbuf/omw6nfKcGbn74hhqa0yi1dNgcLFNi',	'2020-09-03 11:06:52',	NULL,	NULL,	'a:0:{}',	NULL,	NULL,	NULL),
(50,	184,	'eric.catoire@agencerecherche.fr',	'eric.catoire@agencerecherche.fr',	'eric.catoire@agencerecherche.fr',	'eric.catoire@agencerecherche.fr',	't',	NULL,	'$2y$13$MmitE3MVGF.P8QMi3uxedOegkaoPUEpSK88T/JBKhvuI5kjmHOyue',	'2020-07-24 11:24:57',	'inY1BZ1Z2_k3NUq0NpsC9Xh2KiA1UzcG6AdA3qLyzuI',	NULL,	'a:0:{}',	NULL,	NULL,	NULL),
(55,	191,	'ici.oui@hotmail.com',	'ici.oui@hotmail.com',	'ici.oui@hotmail.com',	'ici.oui@hotmail.com',	'f',	'a8cd0a2a7d4423855fc0ace5024b56ed5116e977',	'nom test',	NULL,	'u44PDXS_wRf2jT2ZixyacSdXotFsDeGKNSwSSlk9uOs',	NULL,	'a:0:{}',	NULL,	NULL,	NULL),
(66,	205,	'ramail@test.fr',	'ramail@test.fr',	'ramail@test.fr',	'ramail@test.fr',	'f',	'e8728810eb62847e885f80e4ceb714cd03f257aa',	'ranom',	NULL,	'cSUHXpI2oD-vMnQjEGC3dFPs4gLj_ZzaRsiYjN97-Mw',	NULL,	'a:0:{}',	NULL,	NULL,	NULL),
(68,	207,	'rsmailpasteurProj18@test.fr',	'rsmailpasteurproj18@test.fr',	'rsmailpasteurProj18@test.fr',	'rsmailpasteurproj18@test.fr',	'f',	'a97d7eb65d3aa9d2fca0e6b02c9015212374dd87',	'rsNomPasteurProj18',	NULL,	'0v98LBOClGTAnk29RcAFNYn9Zr_L3Pi4vvWufLEcRXA',	NULL,	'a:0:{}',	NULL,	NULL,	NULL),
(28,	54,	'adlen.boussadia1@agencerecherche.fr',	'adlen.boussadia1@agencerecherche.fr',	'adlen.boussadia1@agencerecherche.fr',	'adlen.boussadia1@agencerecherche.fr',	't',	NULL,	'$2y$13$9ZH/fuOUrufYZM6C3ya4u.ElGeMXzOgEH3qB0/cGvygi13E.CrJse',	'2020-09-08 09:34:37',	NULL,	NULL,	'a:0:{}',	NULL,	NULL,	'2020-08-30 15:34:48'),
(56,	29,	'mbre5',	'mbre5',	'mbre5@anr.fr',	'mbre5@anr.fr',	't',	NULL,	'$2y$13$Er2yB5SFQY.UAviBWHxeYuVhVPkiMLWqnhK0dBehkyQjVUKEznsFq',	'2020-08-20 10:58:21',	NULL,	NULL,	'a:0:{}',	NULL,	NULL,	NULL),
(59,	195,	'adlen.boussadia@agencerecherche.fr',	'adlen.boussadia@agencerecherche.fr',	'adlen.boussadia@agencerecherche.fr',	'adlen.boussadia@agencerecherche.fr',	'f',	NULL,	'$2y$13$nB7jlSwIsysoGr81gAemKuzuUW5l0QgNG57fAUc/ki4b.Z6Q0pAKy',	NULL,	'KSrDmIORGvNzFCC5sCobmT6ML_GliECAlLXZUGsQfPg',	NULL,	'a:0:{}',	NULL,	NULL,	NULL),
(57,	193,	'arnaud.masclet1@anr.fr',	'arnaud.masclet1@anr.fr',	'arnaud.masclet1@anr.fr',	'arnaud.masclet1@anr.fr',	'f',	NULL,	'$2y$13$U6geuiLuzjnEB2U8jRw8BuLafFxwCcontNrw3KVtTjfOqt5kHZuni',	NULL,	'uASoDadhI4HZHiPkUPXBTy8ExSZoSWHaqh-MEUHRGkw',	NULL,	'a:0:{}',	NULL,	NULL,	NULL),
(61,	197,	'arnaud.masclet@anr.fr',	'arnaud.masclet@anr.fr',	'arnaud.masclet@anr.fr',	'arnaud.masclet@anr.fr',	'f',	NULL,	'$2y$13$rKVuHN6Du5Rl90ScAnegUubgSmcOXPAwauGvKu6Na8hVhCu5M8gt2',	NULL,	'P9tj2VgO8GiFVP9Kt8Bkf8FQut0YxqR41b2Sw8c7xy4',	NULL,	'a:0:{}',	NULL,	NULL,	NULL),
(54,	28,	'mbre4',	'mbre4',	'mbre4@anr.fr',	'mbre4@anr.fr',	't',	NULL,	'$2y$13$Er2yB5SFQY.UAviBWHxeYuVhVPkiMLWqnhK0dBehkyQjVUKEznsFq',	'2020-08-20 11:50:29',	NULL,	NULL,	'a:0:{}',	NULL,	NULL,	NULL);

SELECT SETVAL('tg_utilisateur_id_seq',100);

INSERT INTO "tg_phase" ("id_phase", "id_phase_ref") VALUES
(1,	1),
(2,	2),
(3,	1),
(4,	2),
(5,	3),
(6,	1),
(7,	2);

SELECT SETVAL('tg_phase_id_phase_seq',10);

INSERT INTO "tg_appel_proj" ("id_appel", "niveau_en_cours", "pilote", "id_cd_convention", "dt_millesime", "lb_appel", "lb_acronyme", "nb_page_max_ds", "nb_phase", "bl_annexe_autorise", "bl_demande_depot_prec", "bl_demande_fi_prec", "dt_naiss_max_rs", "nb_taille_max_ann_ds", "fmt_autorise_annexe_ds", "nb_min_mc_libre", "nb_max_mc_libre", "seuil_min_aide", "seuil_max_aide", "dh_sauve", "dt_clo_fin") VALUES
(3,	NULL,	10,	NULL,	2022,	'Appel à projet test',	'AAP TEST',	NULL,	2,	NULL,	NULL,	NULL,	NULL,	NULL,	NULL,	NULL,	NULL,	NULL,	NULL,	NULL,	'2020-08-28'),
(2,	NULL,	6,	NULL,	2021,	'Appel à projet 2021',	'AAPG-2021',	NULL,	3,	NULL,	NULL,	NULL,	NULL,	NULL,	NULL,	NULL,	NULL,	NULL,	NULL,	NULL,	'2020-06-30'),
(1,	NULL,	6,	NULL,	2020,	'Appel à projet 2020',	'AAPG-2020',	NULL,	2,	NULL,	NULL,	NULL,	NULL,	NULL,	NULL,	NULL,	NULL,	NULL,	NULL,	NULL,	'2020-06-30');

SELECT SETVAL('tg_appel_proj_id_appel_seq',10);

INSERT INTO "tg_niveau_phase" ("id_niveau_phase", "id_type_niveu", "id_phase", "id_appel", "lb_nom", "dh_debut", "dh_fin", "ord_phase") VALUES
(3,	3,	1,	1,	NULL,	NULL,	NULL,	3),
(5,	2,	2,	1,	NULL,	NULL,	NULL,	2),
(6,	3,	2,	1,	NULL,	NULL,	NULL,	3),
(8,	2,	3,	2,	NULL,	NULL,	NULL,	2),
(9,	3,	3,	2,	NULL,	NULL,	NULL,	3),
(10,	1,	4,	2,	NULL,	NULL,	NULL,	1),
(11,	2,	4,	2,	NULL,	NULL,	NULL,	2),
(12,	3,	4,	2,	NULL,	NULL,	NULL,	3),
(13,	1,	5,	2,	NULL,	NULL,	NULL,	1),
(14,	2,	5,	2,	NULL,	NULL,	NULL,	2),
(15,	3,	5,	2,	NULL,	NULL,	NULL,	3),
(17,	2,	6,	3,	NULL,	NULL,	NULL,	2),
(18,	3,	6,	3,	NULL,	NULL,	NULL,	3),
(19,	1,	7,	3,	NULL,	NULL,	NULL,	1),
(20,	2,	7,	3,	NULL,	NULL,	NULL,	2),
(21,	3,	7,	3,	NULL,	NULL,	NULL,	3),
(2,	2,	1,	1,	NULL,	NULL,	NULL,	2),
(4,	1,	2,	1,	NULL,	NULL,	NULL,	1),
(16,	1,	6,	3,	NULL,	'2020-06-11',	'2020-10-30',	1),
(1,	1,	1,	1,	NULL,	'2020-06-01',	'2020-10-30',	1),
(7,	1,	3,	2,	NULL,	'2020-06-11',	'2020-10-31',	1);

SELECT SETVAL('tg_niveau_phase_id_niveau_phase_seq',50);

INSERT INTO "tg_comite" ("id_comite", "id_appel", "id_langue", "lb_acr", "lb_titre", "bl_actif", "lb_desc", "quest_publie", "nb_quest_soum", "bl_droit_projet_ouvert", "nb_min_eval_soum", "nb_min_eval_accept", "dh_echeance_evaluation") VALUES
(2,	1,	NULL,	'CE02',	'Comité CE02',	1,	'It is a long established fact that a reader will be distracted by the readable content of a page when looking at its layout. The point of using Lorem Ipsum is that it has a more-or-less normal distribution of letters, as opposed to using ''Content here,',	't',	0,	'f',	NULL,	NULL,	NULL),
(4,	1,	NULL,	'CEAMA01',	'Comité AMA',	1,	'seqrse',	'f',	0,	'f',	NULL,	NULL,	NULL),
(1,	1,	NULL,	'CE01',	'Comite CE01',	1,	'Lorem Ipsum is simply dummy text of the printing and typesetting industry. Lorem Ipsum has been the industry''s standard dummy text ever since the 1500s, when an unknown printer took a galley of type and scrambled it to make a type specimen book.',	't',	0,	'f',	NULL,	NULL,	NULL),
(3,	1,	NULL,	'CE045',	'"But I must explain to you how all this mistaken idea of denouncing pleasure and praising pain was born and I will give you a complete',	1,	'There are many variations of passages of Lorem Ipsum available, but the majority have suffered alteration in some form',	'f',	0,	'f',	NULL,	NULL,	NULL);

SELECT SETVAL('tg_comite_id_comite_seq',10);

INSERT INTO "tg_adresse" ("id_adresse", "cd_pays", "id_personne", "lb_adresse", "lb_compl_adresses", "cd", "ville", "bl_adr_princ", "typ_adr") VALUES
(5,	'250',	NULL,	'3 Avenue Bernard Hirsch',	'ipsum dolor sit amet, consectetur adipiscing elit, sed do eiusmod t',	'95021',	'Cergy-Pontoise Cedex',	NULL,	'PAR'),
(6,	'250',	NULL,	'135 rue de Rangueil',	'',	'31077',	'TOULOUSE CEDEX 4',	NULL,	'PAR'),
(7,	'250',	NULL,	'',	'',	'',	'',	NULL,	'PAR'),
(8,	'250',	NULL,	'135 rue de Rangueil',	'',	'31077',	'TOULOUSE CEDEX 4',	NULL,	'PAR'),
(9,	'250',	NULL,	'',	'',	'',	'',	NULL,	'PAR'),
(10,	'250',	NULL,	'7 Rue Guy Môquet',	'',	'94801',	'VILLEJUIF CEDEX',	NULL,	'PAR'),
(11,	'250',	NULL,	'',	'',	'',	'',	NULL,	'PAR'),
(12,	'250',	NULL,	'135 rue de Rangueil',	'',	'31077',	'TOULOUSE CEDEX 4',	NULL,	'PAR'),
(13,	'250',	NULL,	'',	'',	'',	'',	NULL,	'PAR'),
(14,	'250',	NULL,	'135 rue de Rangueil',	'',	'31077',	'TOULOUSE CEDEX 4',	NULL,	'PAR'),
(15,	'250',	NULL,	'',	'',	'',	'',	NULL,	'PAR'),
(16,	'250',	NULL,	'7 Rue Guy Môquet',	'',	'94801',	'VILLEJUIF CEDEX',	NULL,	'PAR'),
(17,	'250',	NULL,	'',	'',	'',	'',	NULL,	'PAR'),
(18,	'250',	NULL,	'135 rue de Rangueil',	'',	'31077',	'TOULOUSE CEDEX 4',	NULL,	'PAR'),
(35,	'250',	NULL,	'',	'',	'',	'',	NULL,	'PAR'),
(36,	'250',	NULL,	'135 rue de Rangueil',	'',	'31077',	'TOULOUSE CEDEX 4',	NULL,	'PAR'),
(37,	'250',	NULL,	'Boulevard Dunkerque',	'Immeuble le Sextant',	'13002',	'13002 MARSEILLE',	NULL,	'PAR'),
(38,	'156',	NULL,	NULL,	NULL,	NULL,	'Test',	NULL,	'PAR'),
(39,	'380',	NULL,	NULL,	NULL,	NULL,	'rome',	NULL,	'PAR'),
(40,	'250',	NULL,	'',	'',	'',	'',	NULL,	'PAR'),
(41,	'250',	NULL,	'3 Avenue Bernard Hirsch',	'',	'95021',	'Cergy-Pontoise Cedex',	NULL,	'PAR'),
(42,	'250',	NULL,	'',	'',	'',	'',	NULL,	'PAR'),
(43,	'250',	NULL,	'3 Avenue Bernard Hirsch',	'',	'95021',	'Cergy-Pontoise Cedex',	NULL,	'PAR'),
(45,	'250',	NULL,	'Boulevard Dunkerque',	'Immeuble le Sextant',	'13002',	'13002 MARSEILLE',	NULL,	'glo'),
(46,	'724',	NULL,	NULL,	NULL,	NULL,	'Madrid',	NULL,	NULL),
(47,	'250',	NULL,	'',	'',	'',	'',	NULL,	'PAR'),
(48,	'250',	NULL,	'3 Avenue Bernard Hirsch',	'',	'95021',	'Cergy-Pontoise Cedex',	NULL,	'PAR'),
(49,	'250',	NULL,	'',	'',	'',	'',	NULL,	'PAR'),
(50,	'250',	NULL,	'',	'',	'',	'',	NULL,	'PAR'),
(51,	'10',	NULL,	NULL,	NULL,	NULL,	'',	NULL,	'PAR'),
(52,	'250',	NULL,	'',	'',	'',	'',	NULL,	'PAR'),
(53,	'250',	NULL,	'135 rue de Rangueil',	'',	'31077',	'TOULOUSE CEDEX 4',	NULL,	'PAR'),
(54,	'250',	NULL,	'',	'',	'',	'',	NULL,	'PAR'),
(55,	'250',	NULL,	'135 rue de Rangueil',	'',	'31077',	'TOULOUSE CEDEX 4',	NULL,	'PAR'),
(56,	'250',	NULL,	'',	'',	'',	'',	NULL,	'PAR'),
(57,	'250',	NULL,	'',	'',	'',	'',	NULL,	'PAR'),
(58,	'250',	NULL,	'',	'',	'',	'',	NULL,	'PAR'),
(59,	'250',	NULL,	'',	'',	'',	'',	NULL,	'PAR'),
(60,	'380',	NULL,	NULL,	NULL,	NULL,	'Rome',	NULL,	'PAR'),
(61,	'250',	NULL,	'',	'',	'',	'',	NULL,	'PAR'),
(62,	'250',	NULL,	'3 Avenue Bernard Hirsch',	'',	'95021',	'Cergy-Pontoise Cedex',	NULL,	'PAR'),
(63,	'250',	NULL,	'',	'',	'',	'',	NULL,	'PAR'),
(64,	'250',	NULL,	'135 rue de Rangueil',	'',	'31077',	'TOULOUSE CEDEX 4',	NULL,	'PAR'),
(65,	'250',	NULL,	'',	'',	'',	'',	NULL,	'PAR'),
(66,	'250',	NULL,	'Campus CNRS Joseph Aiguier - Bât. Z''  31 chemin Joseph Aiguier',	'',	'13009',	'Marseille',	NULL,	'PAR'),
(67,	'250',	NULL,	'78 QUAI MARCEL DASSAULT',	'',	'92210',	'SAINT CLOUD',	NULL,	'PAR'),
(68,	'8',	NULL,	NULL,	NULL,	NULL,	'',	NULL,	'PAR'),
(69,	'250',	NULL,	'78 QUAI MARCEL DASSAULT',	'',	'92210',	'SAINT CLOUD',	NULL,	'PAR'),
(70,	'250',	NULL,	'',	'',	'',	'',	NULL,	'PAR'),
(71,	'250',	NULL,	'135 rue de Rangueil',	'',	'31077',	'TOULOUSE CEDEX 4',	NULL,	'PAR'),
(72,	'250',	NULL,	'',	'',	'',	'',	NULL,	'PAR'),
(73,	'250',	NULL,	'3 Avenue Bernard Hirsch',	'',	'95021',	'Cergy-Pontoise Cedex',	NULL,	'PAR'),
(74,	'250',	NULL,	NULL,	NULL,	NULL,	'ici',	NULL,	'PAR'),
(77,	'276',	NULL,	NULL,	NULL,	NULL,	'Berlin',	NULL,	NULL),
(78,	'250',	4,	'Boulevard des Invalides',	'',	'75700',	'75700 PARIS SP 07',	NULL,	'glo'),
(79,	'380',	NULL,	NULL,	NULL,	NULL,	'Rome',	NULL,	'PAR'),
(80,	'250',	NULL,	'',	'',	'',	'',	NULL,	'glo'),
(82,	'250',	NULL,	'',	'',	'',	'',	NULL,	'glo'),
(83,	'250',	NULL,	'135 rue de Rangueil',	'',	'31077',	'TOULOUSE CEDEX 4',	NULL,	'glo'),
(84,	'250',	NULL,	'7 Rue Guy Môquet',	'',	'94801',	'VILLEJUIF CEDEX',	NULL,	'glo'),
(85,	'250',	NULL,	'Boulevard des Invalides',	'',	'75700',	'75700 PARIS SP 07',	NULL,	'glo'),
(86,	'250',	NULL,	'Boulevard Dunkerque',	'Immeuble le Sextant',	'13002',	'13002 MARSEILLE',	NULL,	'glo'),
(87,	'250',	NULL,	'7 Rue Guy Môquet',	'',	'94801',	'VILLEJUIF CEDEX',	NULL,	'glo'),
(88,	'250',	11,	'Boulevard Dunkerque',	'Immeuble le Sextant',	'13002',	'13002 MARSEILLE',	NULL,	'glo'),
(89,	'250',	NULL,	'135 rue de Rangueil',	'',	'31077',	'TOULOUSE CEDEX 4',	NULL,	'glo'),
(91,	'4',	NULL,	NULL,	NULL,	NULL,	'Kaboul',	NULL,	NULL),
(92,	'710',	NULL,	NULL,	NULL,	NULL,	'le cp',	NULL,	NULL),
(93,	'250',	NULL,	'3 Avenue Bernard Hirsch',	'',	'95021',	'Cergy-Pontoise Cedex',	NULL,	'glo'),
(90,	'250',	38,	'',	'',	'',	'',	NULL,	'glo'),
(75,	'250',	NULL,	'135 rue de Rangueil',	'',	'31077',	'TOULOUSE CEDEX 4',	NULL,	'upd'),
(94,	'250',	NULL,	'',	'',	'',	'',	NULL,	'glo'),
(95,	'250',	NULL,	'Rond-Point Emile Dewoitine',	'',	'31700',	'31700 BLAGNAC',	NULL,	'glo'),
(96,	'250',	NULL,	'Rond-Point Emile Dewoitine',	'',	'31700',	'31700 BLAGNAC',	NULL,	'glo'),
(97,	'250',	NULL,	'7 Rue Guy Môquet',	'',	'94801',	'VILLEJUIF CEDEX',	NULL,	'glo'),
(98,	'250',	NULL,	'7 Rue Guy Môquet',	'',	'94801',	'VILLEJUIF CEDEX',	NULL,	'glo'),
(99,	'250',	NULL,	'135 rue de Rangueil',	'',	'31077',	'TOULOUSE CEDEX 4',	NULL,	'glo'),
(44,	'250',	NULL,	'135 rue de Rangueil',	'',	'31077',	'TOULOUSE CEDEX 4',	NULL,	'upd'),
(101,	'250',	NULL,	'',	'',	'',	'',	NULL,	'PAR'),
(102,	'250',	NULL,	'135 rue de Rangueil',	'',	'31077',	'TOULOUSE CEDEX 4',	NULL,	'PAR');

SELECT SETVAL('tg_adresse_id_adresse_seq',150);

INSERT INTO "tg_adr_mail_notification" ("adr_mail_notif", "id_personne", "bl_obsolete") VALUES
('Adlen.Boussadia@agencerecherche.fr',	54,	'f'),
('adlen@anr.fr',	4,	'f'),
('ecatoire59@hotmail.com',	184,	'f'),
('cpsp1@anr.fr',	11,	'f');

INSERT INTO "tg_adr_mail" ("adr_mail", "id_personne", "bl_notification", "bl_valide", "adr_pref") VALUES
('Mohamed-ali.CHIKHAOUI@agencerecherche.fr',	55,	NULL,	NULL,	NULL),
('zdzd@tetets.fr',	56,	NULL,	NULL,	NULL),
('adlen.boussadia@anr.fr',	72,	NULL,	NULL,	NULL),
('eric.catoire@agencerecherche.fr',	114,	NULL,	NULL,	NULL),
('mohamed.chikhaoui@anr.fr',	121,	NULL,	NULL,	NULL),
('e.catoire@hotmail.com',	129,	NULL,	NULL,	NULL),
('ecatoire59@hotmail.com',	150,	NULL,	NULL,	NULL),
('eric.catoire@gmail.com',	153,	NULL,	NULL,	NULL),
('ericcoco.catoire@gmail.com',	183,	NULL,	NULL,	NULL),
('ici.oui@hotmail.com',	191,	NULL,	NULL,	NULL),
('cyril.demange@anr.fr',	11,	't',	't',	't'),
('cpsp1@anr.fr',	11,	't',	'f',	'f'),
('Adlen.BOUSSADIA@anr.fr',	54,	'f',	'f',	'f'),
('adlen.boussadia@agencerecherche.fr',	54,	't',	't',	't'),
('arnaud.masclet@anr.fr',	197,	NULL,	NULL,	NULL),
('arnaud.masclet@gfi.fr',	199,	NULL,	NULL,	NULL),
('ramouche@test.fr',	204,	NULL,	NULL,	NULL),
('ramail@test.fr',	205,	NULL,	NULL,	NULL),
('ramail.test.fr',	206,	NULL,	NULL,	NULL),
('rsmailpasteurProj18@test.fr',	207,	NULL,	NULL,	NULL),
('testmailsansarobas',	214,	NULL,	NULL,	NULL);

INSERT INTO "tg_competence_langue" ("id_pratique_langue", "niveau_ecrit", "niveau_lu", "niveau_parle", "id_personne", "id_langue") VALUES
(4,	1,	1,	1,	4,	2),
(5,	1,	1,	1,	4,	1),
(7,	2,	2,	3,	12,	2),
(8,	1,	1,	1,	54,	1),
(9,	1,	4,	3,	54,	2),
(10,	1,	1,	1,	11,	1),
(11,	2,	2,	2,	54,	27),
(12,	1,	1,	1,	38,	1);

SELECT SETVAL('tg_competence_langue_id_pratique_langue_seq',50);

INSERT INTO "tg_formulaire" ("id_formulaire", "id_classe_formulaire", "lb_formulaire") VALUES
(1,	1,	'soumission v1'),
(2,	1,	'TestAMA1');

SELECT SETVAL('tg_formulaire_id_formulaire_seq',10);

INSERT INTO "tg_habilitation" ("id_habilitation", "id_personne", "id_profil", "dh_maj", "lb_resp_maj", "bl_supprime") VALUES
(1,	4,	10,	'2020-06-11',	'Adlen BOUSSADIA',	1),
(2,	5,	10,	'2020-06-11',	'Adlen BOUSSADIA',	1),
(3,	9,	10,	'2020-06-11',	'Adlen BOUSSADIA',	1),
(4,	1,	1,	'2020-06-11',	'Adlen Boussadia',	1),
(5,	2,	1,	'2020-06-11',	'Adlen Boussadia',	1),
(6,	6,	1,	'2020-06-11',	'Adlen Boussadia',	1),
(7,	10,	1,	'2020-06-11',	'Adlen Boussadia',	1),
(8,	1,	4,	'2020-06-11',	'LEBON Pierre',	1),
(9,	11,	6,	'2020-06-11',	'LEBON Pierre',	1),
(10,	14,	7,	'2020-06-11',	'LEBON Pierre',	1),
(11,	2,	4,	'2020-06-11',	'LEBON Pierre',	1),
(12,	12,	6,	'2020-06-11',	'LEBON Pierre',	1),
(13,	15,	7,	'2020-06-11',	'LEBON Pierre',	1),
(14,	32,	9,	'2020-06-11',	'Breitwieser Romain',	1),
(15,	33,	9,	'2020-06-11',	'Breitwieser Romain',	1),
(16,	39,	9,	'2020-06-11',	'Breitwieser Romain',	1),
(17,	38,	9,	'2020-06-11',	'Breitwieser Romain',	1),
(18,	54,	15,	'2020-06-11',	'BoussProteur 54',	1),
(19,	55,	15,	'2020-06-11',	'Momo 55',	1),
(22,	114,	15,	'2020-06-12',	'Catoire 114',	1),
(23,	121,	15,	'2020-06-12',	'Momo 121',	1),
(25,	150,	15,	'2020-06-18',	'Catoire 150',	1),
(21,	72,	12,	'2020-06-25',	'Ad ipsum ',	1),
(30,	183,	15,	'2020-06-26',	'Catoire 183',	1),
(31,	184,	15,	'2020-06-29',	'Catoire 184',	1),
(32,	36,	9,	'2020-07-06',	'Breitwieser Romain',	1),
(33,	28,	9,	'2020-07-06',	'Breitwieser Romain',	1),
(34,	28,	18,	'2020-07-07',	'LEBON 6',	1),
(35,	36,	17,	'2020-07-07',	'LEBON 6',	1),
(38,	3,	9,	'2020-07-09',	'PINEL Eric',	1),
(39,	29,	9,	'2020-07-09',	'PINEL Eric',	1),
(29,	121,	12,	'2020-07-15',	'Momo momo',	1),
(40,	37,	9,	'2020-07-16',	'Breitwieser Romain',	1),
(41,	30,	9,	'2020-07-16',	'PINEL Eric',	1),
(20,	38,	4,	'2020-06-11',	'Breitwieser Romain',	1),
(42,	29,	8,	'2020-07-09',	'PINEL Eric',	1),
(43,	194,	15,	'2020-09-01',	'MASCLET 194',	1),
(44,	195,	15,	'2020-09-01',	'adlen 195',	1),
(46,	197,	15,	'2020-09-01',	'Masclet4 197',	1),
(47,	199,	15,	'2020-09-01',	'Masclet3 199',	1),
(48,	39,	7,	'2020-09-03',	'LEBON Pierre',	1);

insert into tg_habilitation (id_habilitation, id_personne, id_profil, dh_maj, bl_supprime) values (300, 500, 16, '2020-09-17' , 1);
insert into tg_habilitation (id_habilitation, id_personne, id_profil, dh_maj, bl_supprime) values (301, 501, 16, '2020-09-17' , 1);
insert into tg_habilitation (id_habilitation, id_personne, id_profil, dh_maj, bl_supprime) values (302, 502, 16, '2020-09-17' , 1);
insert into tg_habilitation (id_habilitation, id_personne, id_profil, dh_maj, bl_supprime) values (303, 503, 16, '2020-09-17' , 1);
insert into tg_habilitation (id_habilitation, id_personne, id_profil, dh_maj, bl_supprime) values (304, 504, 16, '2020-09-17' , 1);
insert into tg_habilitation (id_habilitation, id_personne, id_profil, dh_maj, bl_supprime) values (305, 505, 16, '2020-09-17' , 1);
insert into tg_habilitation (id_habilitation, id_personne, id_profil, dh_maj, bl_supprime) values (306, 506, 16, '2020-09-17' , 1);
insert into tg_habilitation (id_habilitation, id_personne, id_profil, dh_maj, bl_supprime) values (307, 507, 16, '2020-09-17' , 1);
insert into tg_habilitation (id_habilitation, id_personne, id_profil, dh_maj, bl_supprime) values (308, 508, 16, '2020-09-17' , 1);
insert into tg_habilitation (id_habilitation, id_personne, id_profil, dh_maj, bl_supprime) values (309, 509, 16, '2020-09-17' , 1);
insert into tg_habilitation (id_habilitation, id_personne, id_profil, dh_maj, bl_supprime) values (310, 510, 16, '2020-09-17' , 1);
insert into tg_habilitation (id_habilitation, id_personne, id_profil, dh_maj, bl_supprime) values (311, 511, 16, '2020-09-17' , 1);
insert into tg_habilitation (id_habilitation, id_personne, id_profil, dh_maj, bl_supprime) values (312, 512, 16, '2020-09-17' , 1);
insert into tg_habilitation (id_habilitation, id_personne, id_profil, dh_maj, bl_supprime) values (313, 513, 16, '2020-09-17' , 1);
insert into tg_habilitation (id_habilitation, id_personne, id_profil, dh_maj, bl_supprime) values (314, 514, 16, '2020-09-17' , 1);
insert into tg_habilitation (id_habilitation, id_personne, id_profil, dh_maj, bl_supprime) values (315, 515, 16, '2020-09-17' , 1);
insert into tg_habilitation (id_habilitation, id_personne, id_profil, dh_maj, bl_supprime) values (316, 516, 16, '2020-09-17' , 1);
insert into tg_habilitation (id_habilitation, id_personne, id_profil, dh_maj, bl_supprime) values (317, 517, 16, '2020-09-17' , 1);
insert into tg_habilitation (id_habilitation, id_personne, id_profil, dh_maj, bl_supprime) values (318, 518, 16, '2020-09-17' , 1);
insert into tg_habilitation (id_habilitation, id_personne, id_profil, dh_maj, bl_supprime) values (319, 519, 16, '2020-09-17' , 1);
insert into tg_habilitation (id_habilitation, id_personne, id_profil, dh_maj, bl_supprime) values (320, 520, 16, '2020-09-17' , 1);
insert into tg_habilitation (id_habilitation, id_personne, id_profil, dh_maj, bl_supprime) values (321, 521, 16, '2020-09-17' , 1);
insert into tg_habilitation (id_habilitation, id_personne, id_profil, dh_maj, bl_supprime) values (322, 522, 16, '2020-09-17' , 1);
insert into tg_habilitation (id_habilitation, id_personne, id_profil, dh_maj, bl_supprime) values (323, 523, 16, '2020-09-17' , 1);
insert into tg_habilitation (id_habilitation, id_personne, id_profil, dh_maj, bl_supprime) values (324, 524, 16, '2020-09-17' , 1);
insert into tg_habilitation (id_habilitation, id_personne, id_profil, dh_maj, bl_supprime) values (325, 525, 16, '2020-09-17' , 1);
insert into tg_habilitation (id_habilitation, id_personne, id_profil, dh_maj, bl_supprime) values (326, 526, 16, '2020-09-17' , 1);
insert into tg_habilitation (id_habilitation, id_personne, id_profil, dh_maj, bl_supprime) values (327, 527, 16, '2020-09-17' , 1);
insert into tg_habilitation (id_habilitation, id_personne, id_profil, dh_maj, bl_supprime) values (328, 528, 16, '2020-09-17' , 1);
insert into tg_habilitation (id_habilitation, id_personne, id_profil, dh_maj, bl_supprime) values (329, 529, 16, '2020-09-17' , 1);
insert into tg_habilitation (id_habilitation, id_personne, id_profil, dh_maj, bl_supprime) values (330, 530, 16, '2020-09-17' , 1);
insert into tg_habilitation (id_habilitation, id_personne, id_profil, dh_maj, bl_supprime) values (331, 531, 16, '2020-09-17' , 1);
insert into tg_habilitation (id_habilitation, id_personne, id_profil, dh_maj, bl_supprime) values (332, 532, 16, '2020-09-17' , 1);
insert into tg_habilitation (id_habilitation, id_personne, id_profil, dh_maj, bl_supprime) values (333, 533, 16, '2020-09-17' , 1);
insert into tg_habilitation (id_habilitation, id_personne, id_profil, dh_maj, bl_supprime) values (334, 534, 16, '2020-09-17' , 1);
insert into tg_habilitation (id_habilitation, id_personne, id_profil, dh_maj, bl_supprime) values (335, 535, 16, '2020-09-17' , 1);
insert into tg_habilitation (id_habilitation, id_personne, id_profil, dh_maj, bl_supprime) values (336, 536, 16, '2020-09-17' , 1);
insert into tg_habilitation (id_habilitation, id_personne, id_profil, dh_maj, bl_supprime) values (337, 537, 16, '2020-09-17' , 1);
insert into tg_habilitation (id_habilitation, id_personne, id_profil, dh_maj, bl_supprime) values (338, 538, 16, '2020-09-17' , 1);
insert into tg_habilitation (id_habilitation, id_personne, id_profil, dh_maj, bl_supprime) values (339, 539, 16, '2020-09-17' , 1);
insert into tg_habilitation (id_habilitation, id_personne, id_profil, dh_maj, bl_supprime) values (340, 540, 16, '2020-09-17' , 1);
insert into tg_habilitation (id_habilitation, id_personne, id_profil, dh_maj, bl_supprime) values (341, 541, 16, '2020-09-17' , 1);
insert into tg_habilitation (id_habilitation, id_personne, id_profil, dh_maj, bl_supprime) values (342, 542, 16, '2020-09-17' , 1);
insert into tg_habilitation (id_habilitation, id_personne, id_profil, dh_maj, bl_supprime) values (343, 543, 16, '2020-09-17' , 1);
insert into tg_habilitation (id_habilitation, id_personne, id_profil, dh_maj, bl_supprime) values (344, 544, 16, '2020-09-17' , 1);
insert into tg_habilitation (id_habilitation, id_personne, id_profil, dh_maj, bl_supprime) values (345, 545, 16, '2020-09-17' , 1);
insert into tg_habilitation (id_habilitation, id_personne, id_profil, dh_maj, bl_supprime) values (346, 546, 16, '2020-09-17' , 1);
insert into tg_habilitation (id_habilitation, id_personne, id_profil, dh_maj, bl_supprime) values (347, 547, 16, '2020-09-17' , 1);
insert into tg_habilitation (id_habilitation, id_personne, id_profil, dh_maj, bl_supprime) values (348, 548, 16, '2020-09-17' , 1);
insert into tg_habilitation (id_habilitation, id_personne, id_profil, dh_maj, bl_supprime) values (349, 549, 16, '2020-09-17' , 1);
insert into tg_habilitation (id_habilitation, id_personne, id_profil, dh_maj, bl_supprime) values (350, 550, 16, '2020-09-17' , 1);
insert into tg_habilitation (id_habilitation, id_personne, id_profil, dh_maj, bl_supprime) values (351, 551, 16, '2020-09-17' , 1);
insert into tg_habilitation (id_habilitation, id_personne, id_profil, dh_maj, bl_supprime) values (352, 552, 16, '2020-09-17' , 1);
insert into tg_habilitation (id_habilitation, id_personne, id_profil, dh_maj, bl_supprime) values (353, 553, 16, '2020-09-17' , 1);
insert into tg_habilitation (id_habilitation, id_personne, id_profil, dh_maj, bl_supprime) values (354, 554, 16, '2020-09-17' , 1);
insert into tg_habilitation (id_habilitation, id_personne, id_profil, dh_maj, bl_supprime) values (355, 555, 16, '2020-09-17' , 1);
insert into tg_habilitation (id_habilitation, id_personne, id_profil, dh_maj, bl_supprime) values (356, 556, 16, '2020-09-17' , 1);
insert into tg_habilitation (id_habilitation, id_personne, id_profil, dh_maj, bl_supprime) values (357, 557, 16, '2020-09-17' , 1);
insert into tg_habilitation (id_habilitation, id_personne, id_profil, dh_maj, bl_supprime) values (358, 558, 16, '2020-09-17' , 1);
insert into tg_habilitation (id_habilitation, id_personne, id_profil, dh_maj, bl_supprime) values (359, 559, 16, '2020-09-17' , 1);
insert into tg_habilitation (id_habilitation, id_personne, id_profil, dh_maj, bl_supprime) values (360, 560, 16, '2020-09-17' , 1);
insert into tg_habilitation (id_habilitation, id_personne, id_profil, dh_maj, bl_supprime) values (361, 561, 16, '2020-09-17' , 1);
insert into tg_habilitation (id_habilitation, id_personne, id_profil, dh_maj, bl_supprime) values (362, 562, 16, '2020-09-17' , 1);
insert into tg_habilitation (id_habilitation, id_personne, id_profil, dh_maj, bl_supprime) values (363, 563, 16, '2020-09-17' , 1);
insert into tg_habilitation (id_habilitation, id_personne, id_profil, dh_maj, bl_supprime) values (364, 564, 16, '2020-09-17' , 1);
insert into tg_habilitation (id_habilitation, id_personne, id_profil, dh_maj, bl_supprime) values (365, 565, 16, '2020-09-17' , 1);
insert into tg_habilitation (id_habilitation, id_personne, id_profil, dh_maj, bl_supprime) values (366, 566, 16, '2020-09-17' , 1);
insert into tg_habilitation (id_habilitation, id_personne, id_profil, dh_maj, bl_supprime) values (367, 567, 16, '2020-09-17' , 1);
insert into tg_habilitation (id_habilitation, id_personne, id_profil, dh_maj, bl_supprime) values (368, 568, 16, '2020-09-17' , 1);
insert into tg_habilitation (id_habilitation, id_personne, id_profil, dh_maj, bl_supprime) values (369, 569, 16, '2020-09-17' , 1);
insert into tg_habilitation (id_habilitation, id_personne, id_profil, dh_maj, bl_supprime) values (370, 570, 16, '2020-09-17' , 1);
insert into tg_habilitation (id_habilitation, id_personne, id_profil, dh_maj, bl_supprime) values (371, 571, 16, '2020-09-17' , 1);
insert into tg_habilitation (id_habilitation, id_personne, id_profil, dh_maj, bl_supprime) values (372, 572, 16, '2020-09-17' , 1);
insert into tg_habilitation (id_habilitation, id_personne, id_profil, dh_maj, bl_supprime) values (373, 573, 16, '2020-09-17' , 1);
insert into tg_habilitation (id_habilitation, id_personne, id_profil, dh_maj, bl_supprime) values (374, 574, 16, '2020-09-17' , 1);
insert into tg_habilitation (id_habilitation, id_personne, id_profil, dh_maj, bl_supprime) values (375, 575, 16, '2020-09-17' , 1);
insert into tg_habilitation (id_habilitation, id_personne, id_profil, dh_maj, bl_supprime) values (376, 576, 16, '2020-09-17' , 1);
insert into tg_habilitation (id_habilitation, id_personne, id_profil, dh_maj, bl_supprime) values (377, 577, 16, '2020-09-17' , 1);
insert into tg_habilitation (id_habilitation, id_personne, id_profil, dh_maj, bl_supprime) values (378, 578, 16, '2020-09-17' , 1);
insert into tg_habilitation (id_habilitation, id_personne, id_profil, dh_maj, bl_supprime) values (379, 579, 16, '2020-09-17' , 1);
insert into tg_habilitation (id_habilitation, id_personne, id_profil, dh_maj, bl_supprime) values (380, 580, 16, '2020-09-17' , 1);
insert into tg_habilitation (id_habilitation, id_personne, id_profil, dh_maj, bl_supprime) values (381, 581, 16, '2020-09-17' , 1);
insert into tg_habilitation (id_habilitation, id_personne, id_profil, dh_maj, bl_supprime) values (382, 582, 16, '2020-09-17' , 1);
insert into tg_habilitation (id_habilitation, id_personne, id_profil, dh_maj, bl_supprime) values (383, 583, 16, '2020-09-17' , 1);
insert into tg_habilitation (id_habilitation, id_personne, id_profil, dh_maj, bl_supprime) values (384, 584, 16, '2020-09-17' , 1);
insert into tg_habilitation (id_habilitation, id_personne, id_profil, dh_maj, bl_supprime) values (385, 585, 16, '2020-09-17' , 1);
insert into tg_habilitation (id_habilitation, id_personne, id_profil, dh_maj, bl_supprime) values (386, 586, 16, '2020-09-17' , 1);
insert into tg_habilitation (id_habilitation, id_personne, id_profil, dh_maj, bl_supprime) values (387, 587, 16, '2020-09-17' , 1);
insert into tg_habilitation (id_habilitation, id_personne, id_profil, dh_maj, bl_supprime) values (388, 588, 16, '2020-09-17' , 1);
insert into tg_habilitation (id_habilitation, id_personne, id_profil, dh_maj, bl_supprime) values (389, 589, 16, '2020-09-17' , 1);
insert into tg_habilitation (id_habilitation, id_personne, id_profil, dh_maj, bl_supprime) values (390, 590, 16, '2020-09-17' , 1);
insert into tg_habilitation (id_habilitation, id_personne, id_profil, dh_maj, bl_supprime) values (391, 591, 16, '2020-09-17' , 1);
insert into tg_habilitation (id_habilitation, id_personne, id_profil, dh_maj, bl_supprime) values (392, 592, 16, '2020-09-17' , 1);
insert into tg_habilitation (id_habilitation, id_personne, id_profil, dh_maj, bl_supprime) values (393, 593, 16, '2020-09-17' , 1);
insert into tg_habilitation (id_habilitation, id_personne, id_profil, dh_maj, bl_supprime) values (394, 594, 16, '2020-09-17' , 1);
insert into tg_habilitation (id_habilitation, id_personne, id_profil, dh_maj, bl_supprime) values (395, 595, 16, '2020-09-17' , 1);
insert into tg_habilitation (id_habilitation, id_personne, id_profil, dh_maj, bl_supprime) values (396, 596, 16, '2020-09-17' , 1);
insert into tg_habilitation (id_habilitation, id_personne, id_profil, dh_maj, bl_supprime) values (397, 597, 16, '2020-09-17' , 1);
insert into tg_habilitation (id_habilitation, id_personne, id_profil, dh_maj, bl_supprime) values (398, 598, 16, '2020-09-17' , 1);
insert into tg_habilitation (id_habilitation, id_personne, id_profil, dh_maj, bl_supprime) values (399, 599, 16, '2020-09-17' , 1);
--/--

insert into tg_habilitation (id_habilitation, id_personne, id_profil, dh_maj, bl_supprime) values (400, 600, 17, '2020-09-17' , 1);
insert into tg_habilitation (id_habilitation, id_personne, id_profil, dh_maj, bl_supprime) values (401, 601, 17, '2020-09-17' , 1);
insert into tg_habilitation (id_habilitation, id_personne, id_profil, dh_maj, bl_supprime) values (402, 602, 17, '2020-09-17' , 1);
insert into tg_habilitation (id_habilitation, id_personne, id_profil, dh_maj, bl_supprime) values (403, 603, 17, '2020-09-17' , 1);
insert into tg_habilitation (id_habilitation, id_personne, id_profil, dh_maj, bl_supprime) values (404, 604, 17, '2020-09-17' , 1);
insert into tg_habilitation (id_habilitation, id_personne, id_profil, dh_maj, bl_supprime) values (405, 605, 17, '2020-09-17' , 1);
insert into tg_habilitation (id_habilitation, id_personne, id_profil, dh_maj, bl_supprime) values (406, 606, 17, '2020-09-17' , 1);
insert into tg_habilitation (id_habilitation, id_personne, id_profil, dh_maj, bl_supprime) values (407, 607, 17, '2020-09-17' , 1);
insert into tg_habilitation (id_habilitation, id_personne, id_profil, dh_maj, bl_supprime) values (408, 608, 17, '2020-09-17' , 1);
insert into tg_habilitation (id_habilitation, id_personne, id_profil, dh_maj, bl_supprime) values (409, 609, 17, '2020-09-17' , 1);
insert into tg_habilitation (id_habilitation, id_personne, id_profil, dh_maj, bl_supprime) values (410, 610, 17, '2020-09-17' , 1);
insert into tg_habilitation (id_habilitation, id_personne, id_profil, dh_maj, bl_supprime) values (411, 611, 17, '2020-09-17' , 1);
insert into tg_habilitation (id_habilitation, id_personne, id_profil, dh_maj, bl_supprime) values (412, 612, 17, '2020-09-17' , 1);
insert into tg_habilitation (id_habilitation, id_personne, id_profil, dh_maj, bl_supprime) values (413, 613, 17, '2020-09-17' , 1);
insert into tg_habilitation (id_habilitation, id_personne, id_profil, dh_maj, bl_supprime) values (414, 614, 17, '2020-09-17' , 1);
insert into tg_habilitation (id_habilitation, id_personne, id_profil, dh_maj, bl_supprime) values (415, 615, 17, '2020-09-17' , 1);
insert into tg_habilitation (id_habilitation, id_personne, id_profil, dh_maj, bl_supprime) values (416, 616, 17, '2020-09-17' , 1);
insert into tg_habilitation (id_habilitation, id_personne, id_profil, dh_maj, bl_supprime) values (418, 617, 18, '2020-09-17' , 1);
insert into tg_habilitation (id_habilitation, id_personne, id_profil, dh_maj, bl_supprime) values (419, 618, 18, '2020-09-17' , 1);
insert into tg_habilitation (id_habilitation, id_personne, id_profil, dh_maj, bl_supprime) values (420, 619, 18, '2020-09-17' , 1);
insert into tg_habilitation (id_habilitation, id_personne, id_profil, dh_maj, bl_supprime) values (421, 620, 18, '2020-09-17' , 1);
insert into tg_habilitation (id_habilitation, id_personne, id_profil, dh_maj, bl_supprime) values (422, 621, 18, '2020-09-17' , 1);
insert into tg_habilitation (id_habilitation, id_personne, id_profil, dh_maj, bl_supprime) values (423, 622, 18, '2020-09-17' , 1);
insert into tg_habilitation (id_habilitation, id_personne, id_profil, dh_maj, bl_supprime) values (424, 623, 18, '2020-09-17' , 1);
insert into tg_habilitation (id_habilitation, id_personne, id_profil, dh_maj, bl_supprime) values (425, 624, 18, '2020-09-17' , 1);
insert into tg_habilitation (id_habilitation, id_personne, id_profil, dh_maj, bl_supprime) values (426, 625, 18, '2020-09-17' , 1);
insert into tg_habilitation (id_habilitation, id_personne, id_profil, dh_maj, bl_supprime) values (427, 626, 18, '2020-09-17' , 1);
insert into tg_habilitation (id_habilitation, id_personne, id_profil, dh_maj, bl_supprime) values (428, 627, 18, '2020-09-17' , 1);
insert into tg_habilitation (id_habilitation, id_personne, id_profil, dh_maj, bl_supprime) values (429, 628, 18, '2020-09-17' , 1);
insert into tg_habilitation (id_habilitation, id_personne, id_profil, dh_maj, bl_supprime) values (430, 629, 18, '2020-09-17' , 1);
insert into tg_habilitation (id_habilitation, id_personne, id_profil, dh_maj, bl_supprime) values (431, 630, 18, '2020-09-17' , 1);
insert into tg_habilitation (id_habilitation, id_personne, id_profil, dh_maj, bl_supprime) values (432, 631, 18, '2020-09-17' , 1);
insert into tg_habilitation (id_habilitation, id_personne, id_profil, dh_maj, bl_supprime) values (433, 632, 18, '2020-09-17' , 1);
insert into tg_habilitation (id_habilitation, id_personne, id_profil, dh_maj, bl_supprime) values (434, 633, 18, '2020-09-17' , 1);
--/--

SELECT SETVAL('tg_habilitation_id_habilitation_seq',435);


INSERT INTO "tg_id_externes" ("id_type_ref_ext", "id_personne", "id_ident_ext", "num_identifiant") VALUES
('2',	54,	2,	'A-8888-8888'),
('1',	129,	3,	''),
('1',	153,	8,	''),
('1',	191,	11,	'0000000000174631'),
('1',	4,	12,	'9999999999999999'),
('2',	4,	13,	'P-1111-2222'),
('3',	4,	14,	'xxx-hjhjh-jhjhjhhj'),
('4',	4,	15,	'ccc-ccc-ccc'),
('1',	38,	16,	'1234567890abcdef'),
('2',	38,	17,	'A-1234-5678'),
('3',	38,	18,	'abc-DEF-GHij'),
('4',	38,	19,	'ggf'),
('1',	54,	1,	'aaaaaaaaaaaaaaaa'),
('3',	54,	20,	'aa');

INSERT INTO "tg_mc_ces" ("id_mc_ces", "id_comite", "lb_mc_ces") VALUES
(1,	1,	'Atmosphère'),
(2,	1,	'Océan'),
(3,	1,	'Interfaces'),
(4,	1,	'Changement climatiques'),
(5,	1,	'Surfaces continentales'),
(6,	2,	'Atmosphère'),
(7,	2,	'Océan'),
(8,	2,	'Interfaces'),
(9,	2,	'Changement climatiques'),
(10,	2,	'Surfaces continentales'),
(11,	3,	'Atmosphère'),
(12,	3,	'Océan'),
(13,	3,	'Interfaces'),
(14,	3,	'Changement climatiques'),
(15,	3,	'Surfaces continentales'),
(16,	4,	'Atmosphère'),
(17,	4,	'Océan'),
(18,	4,	'Interfaces'),
(19,	4,	'Changement climatiques'),
(20,	4,	'Surfaces continentales');

SELECT SETVAL('tg_mc_ces_id_mc_ces_seq',50);

INSERT INTO "tg_mot_cle_cv" ("id_mc_cv", "id_personne", "lb_mc_fr", "lb_mc_en", "ordre") VALUES
(4,	54,	'test 3',	'test 3',	1),
(5,	54,	'test',	'test',	2),
(6,	54,	'test 2 ',	'test 2',	3),
(10,	4,	'pok',	'trtrt',	1),
(11,	4,	'testr',	'ytes',	2),
(12,	4,	'poiu',	'uytg',	3),
(14,	12,	'Calcul intensif',	'HPC',	1),
(15,	12,	'Méca flu',	'CFD',	2),
(30,	38,	'testeur',	'test',	1),
(31,	38,	'correcteur français',	'correcteur français',	2),
(32,	38,	'smoke test',	'smoke test',	3);

SELECT SETVAL('tg_mot_cle_cv_id_mc_cv_seq',50);


INSERT INTO "tg_mot_cle_erc" ("id_mc_erc", "id_disc_erc", "lb_nom_fr") VALUES
(1,	1,	'SH01_01 Political systems, governance'),
(2,	2,	'SH02_01 Democratisation and social movements'),
(3,	3,	'SC03_01 TEST'),
(4,	4,	'SC07_01 TEST 5'),
(5,	5,	'SC06_01 TEST 4'),
(6,	6,	'SC04_01 TEST 2'),
(7,	7,	'SC05_01 TEST 3');


SELECT SETVAL('tg_organisme_id_organisme_seq',200);

INSERT INTO "tg_projet" ("id_projet", "id_cat_rd", "id_comite", "id_appel", "id_agence_fi", "id_inst_fi", "porteur", "id_sts_projet", "lb_acro", "lb_titre_fr", "lb_titre_en", "no_duree", "mnt_aide_prev", "bl_dem_label", "bl_dem_cofi", "bl_infra_recherche", "ord_phase", "lb_doc_sc", "lb_annexe_preproposition", "bl_depot_prec", "bl_financement_prec", "bl_programme_invest", "rang", "typ_adm", "doc_sc_langue") VALUES
(3,	3,	1,	1,	3,	3,	114,	NULL,	'acro',	NULL,	'titre projet en',	30,	20000,	'f',	'f',	'f',	NULL,	NULL,	NULL,	NULL,	NULL,	NULL,	NULL,	NULL,	NULL),
(2,	NULL,	NULL,	1,	NULL,	1,	55,	NULL,	'test',	NULL,	NULL,	NULL,	NULL,	'f',	'f',	'f',	NULL,	NULL,	NULL,	NULL,	NULL,	NULL,	NULL,	NULL,	NULL),
(6,	NULL,	NULL,	1,	NULL,	1,	114,	NULL,	NULL,	NULL,	NULL,	NULL,	NULL,	'f',	'f',	'f',	NULL,	NULL,	NULL,	NULL,	NULL,	NULL,	NULL,	NULL,	NULL),
(8,	NULL,	NULL,	1,	NULL,	2,	55,	NULL,	NULL,	NULL,	NULL,	NULL,	NULL,	'f',	'f',	'f',	NULL,	NULL,	NULL,	NULL,	NULL,	NULL,	NULL,	NULL,	NULL),
(4,	NULL,	NULL,	1,	NULL,	1,	114,	NULL,	'acro 1',	NULL,	NULL,	NULL,	NULL,	'f',	'f',	'f',	NULL,	NULL,	NULL,	NULL,	NULL,	NULL,	NULL,	NULL,	NULL),
(5,	NULL,	NULL,	1,	3,	3,	55,	NULL,	'test 1',	NULL,	NULL,	NULL,	NULL,	'f',	'f',	'f',	NULL,	NULL,	NULL,	NULL,	NULL,	NULL,	NULL,	NULL,	NULL),
(9,	3,	2,	1,	2,	3,	114,	NULL,	'acro test',	'titre fr suite',	'titre en suite',	30,	19000,	'f',	'f',	'f',	NULL,	NULL,	NULL,	NULL,	NULL,	NULL,	NULL,	NULL,	NULL),
(12,	NULL,	NULL,	2,	3,	3,	55,	NULL,	NULL,	NULL,	NULL,	NULL,	NULL,	'f',	'f',	'f',	NULL,	NULL,	NULL,	NULL,	NULL,	NULL,	NULL,	NULL,	NULL),
(13,	NULL,	NULL,	2,	NULL,	2,	54,	NULL,	'PRO2',	NULL,	NULL,	NULL,	NULL,	'f',	'f',	'f',	NULL,	NULL,	NULL,	NULL,	NULL,	NULL,	NULL,	NULL,	NULL),
(14,	NULL,	NULL,	1,	NULL,	1,	114,	NULL,	NULL,	NULL,	NULL,	NULL,	NULL,	'f',	'f',	'f',	NULL,	NULL,	NULL,	NULL,	NULL,	NULL,	NULL,	NULL,	NULL),
(11,	NULL,	NULL,	1,	NULL,	1,	114,	NULL,	'autre nom',	NULL,	NULL,	NULL,	NULL,	'f',	'f',	'f',	NULL,	NULL,	NULL,	NULL,	NULL,	NULL,	NULL,	NULL,	NULL),
(15,	NULL,	3,	1,	NULL,	1,	184,	NULL,	'autre',	'titre test',	NULL,	36,	9000,	'f',	'f',	'f',	NULL,	NULL,	NULL,	NULL,	NULL,	NULL,	NULL,	NULL,	NULL),
(17,	NULL,	NULL,	1,	NULL,	1,	121,	NULL,	NULL,	NULL,	NULL,	NULL,	NULL,	'f',	'f',	'f',	NULL,	NULL,	NULL,	NULL,	NULL,	NULL,	NULL,	NULL,	NULL),
(10,	NULL,	1,	1,	NULL,	2,	54,	NULL,	'PROJ_2',	NULL,	NULL,	NULL,	NULL,	'f',	'f',	'f',	NULL,	NULL,	NULL,	NULL,	NULL,	NULL,	NULL,	NULL,	NULL),
(7,	NULL,	1,	1,	3,	3,	54,	NULL,	'PROJ_3',	NULL,	NULL,	NULL,	NULL,	'f',	'f',	'f',	NULL,	NULL,	NULL,	NULL,	NULL,	NULL,	NULL,	NULL,	NULL),
(1,	1,	1,	1,	3,	3,	54,	NULL,	'PROJ_1',	'Projet FR FR',	'Projet EN EN',	24,	18000,	'f',	'f',	'f',	NULL,	NULL,	NULL,	NULL,	NULL,	NULL,	NULL,	NULL,	NULL),
(16,	NULL,	2,	1,	NULL,	1,	184,	NULL,	'prj.test',	'Bonjour mon grand',	NULL,	36,	8500,	'f',	'f',	'f',	NULL,	NULL,	NULL,	NULL,	NULL,	NULL,	NULL,	NULL,	NULL),
(18,	2,	4,	1,	NULL,	1,	54,	NULL,	'AMA01 - Projet Indiv',	'FR - AMA01 - Test projet JCJC',	'EN - AMA01 - Test projet JCJC',	36,	9000,	't',	'f',	'f',	NULL,	NULL,	NULL,	NULL,	NULL,	NULL,	NULL,	NULL,	NULL);

INSERT INTO "tg_projet" ("id_projet", "id_cat_rd", "id_comite", "id_appel", "id_agence_fi", "id_inst_fi", "porteur", "id_sts_projet", "lb_acro", "lb_titre_fr", "lb_titre_en", "no_duree", "mnt_aide_prev", "bl_dem_label", "bl_dem_cofi", "bl_infra_recherche", "ord_phase", "lb_doc_sc", "lb_annexe_preproposition", "bl_depot_prec", "bl_financement_prec", "bl_programme_invest", "rang", "typ_adm", "doc_sc_langue") VALUES
(50,	3,	1,	1,	3,	3,	54,	NULL,	'acro_1',	NULL,	'titre projet en',	30,	20000,	'f',	'f',	'f',	NULL,	NULL,	NULL,	NULL,	NULL,	NULL,	NULL,	NULL,	NULL),
(51,	3,	1,	1,	3,	3,	54,	NULL,	'acro_2',	NULL,	'titre projet en',	30,	20000,	'f',	'f',	'f',	NULL,	NULL,	NULL,	NULL,	NULL,	NULL,	NULL,	NULL,	NULL),
(52,	3,	1,	1,	3,	3,	54,	NULL,	'acro_3',	NULL,	'titre projet en',	30,	20000,	'f',	'f',	'f',	NULL,	NULL,	NULL,	NULL,	NULL,	NULL,	NULL,	NULL,	NULL),
(53,	3,	1,	1,	3,	3,	54,	NULL,	'acro_4',	NULL,	'titre projet en',	30,	20000,	'f',	'f',	'f',	NULL,	NULL,	NULL,	NULL,	NULL,	NULL,	NULL,	NULL,	NULL),
(54,	3,	1,	1,	3,	3,	54,	NULL,	'acro_5',	NULL,	'titre projet en',	30,	20000,	'f',	'f',	'f',	NULL,	NULL,	NULL,	NULL,	NULL,	NULL,	NULL,	NULL,	NULL),
(55,	3,	1,	1,	3,	3,	114,	NULL,	'acro_6',	NULL,	'titre projet en',	30,	20000,	'f',	'f',	'f',	NULL,	NULL,	NULL,	NULL,	NULL,	NULL,	NULL,	NULL,	NULL),
(56,	3,	1,	1,	3,	3,	114,	NULL,	'acro_7',	NULL,	'titre projet en',	30,	20000,	'f',	'f',	'f',	NULL,	NULL,	NULL,	NULL,	NULL,	NULL,	NULL,	NULL,	NULL),
(57,	3,	1,	1,	3,	3,	114,	NULL,	'acro_8',	NULL,	'titre projet en',	30,	20000,	'f',	'f',	'f',	NULL,	NULL,	NULL,	NULL,	NULL,	NULL,	NULL,	NULL,	NULL),
(58,	3,	1,	1,	3,	3,	114,	NULL,	'acro_9',	NULL,	'titre projet en',	30,	20000,	'f',	'f',	'f',	NULL,	NULL,	NULL,	NULL,	NULL,	NULL,	NULL,	NULL,	NULL),
(59,	3,	1,	1,	3,	3, 121,	NULL,	'acro_10',	NULL,	'titre projet en',	30,	20000,	'f',	'f',	'f',	NULL,	NULL,	NULL,	NULL,	NULL,	NULL,	NULL,	NULL,	NULL),
(60,	3,	1,	1,	3,	3, 121,	NULL,	'acro_11',	NULL,	'titre projet en',	30,	20000,	'f',	'f',	'f',	NULL,	NULL,	NULL,	NULL,	NULL,	NULL,	NULL,	NULL,	NULL),
(61,	3,	1,	1,	3,	3, 121,	NULL,	'acro_12',	NULL,	'titre projet en',	30,	20000,	'f',	'f',	'f',	NULL,	NULL,	NULL,	NULL,	NULL,	NULL,	NULL,	NULL,	NULL),
(62,	3,	1,	1,	3,	3, 121,	NULL,	'acro_13',	NULL,	'titre projet en',	30,	20000,	'f',	'f',	'f',	NULL,	NULL,	NULL,	NULL,	NULL,	NULL,	NULL,	NULL,	NULL),
(63,	3,	1,	1,	3,	3, 121,	NULL,	'acro_14',	NULL,	'titre projet en',	30,	20000,	'f',	'f',	'f',	NULL,	NULL,	NULL,	NULL,	NULL,	NULL,	NULL,	NULL,	NULL),
(64,	3,	1,	1,	3,	3,	150,	NULL,	'acro_15',	NULL,	'titre projet en',	30,	20000,	'f',	'f',	'f',	NULL,	NULL,	NULL,	NULL,	NULL,	NULL,	NULL,	NULL,	NULL),
(65,	3,	1,	1,	3,	3,	150,	NULL,	'acro_16',	NULL,	'titre projet en',	30,	20000,	'f',	'f',	'f',	NULL,	NULL,	NULL,	NULL,	NULL,	NULL,	NULL,	NULL,	NULL),
(66,	3,	1,	1,	3,	3,	150,	NULL,	'acro_17',	NULL,	'titre projet en',	30,	20000,	'f',	'f',	'f',	NULL,	NULL,	NULL,	NULL,	NULL,	NULL,	NULL,	NULL,	NULL),
(67,	3,	1,	1,	3,	3,	150,	NULL,	'acro_18',	NULL,	'titre projet en',	30,	20000,	'f',	'f',	'f',	NULL,	NULL,	NULL,	NULL,	NULL,	NULL,	NULL,	NULL,	NULL);

SELECT SETVAL('tg_projet_id_projet_seq',70);

INSERT INTO "tl_hab_projet" ("id_habilitation", "id_projet") VALUES
(18,	50),
(18,	51),
(18,	52),
(18,	53),
(18,	54),
(22,	55),
(22,	56),
(22,	57),
(22,	58),
(23,	59),
(23,	60),
(23,	61),
(23,	62),
(23,	63),
(25,	64),
(25,	65),
(25,	66),
(25,	67);

 INSERT INTO "tl_hab_projet" ("id_habilitation", "id_projet") VALUES
(300,50),
(301,51),
(302,52),
(303,53),
(304,54),
(305,55),
(306,56),
(307,57),
(308,58),
(309,59),
(310,60),
(311,61),
(312,62),
(313,63),
(314,64),
(315,65),
(316,66),
(317,67),
(318,50),
(319,51),
(320,52),
(321,53),
(322,54),
(323,55),
(324,56),
(325,57),
(326,58),
(327,59),
(328,60),
(329,61),
(330,62),
(331,63),
(332,64),
(333,65),
(334,53),
(335,54),
(336,55),
(337,56),
(338,57),
(339,58),
(340,59),
(341,60),
(342,61),
(343,62),
(344,63),
(345,64),
(346,65),
(347,53),
(348,54),
(349,55),
(350,56),
(351,57),
(352,58),
(353,59),
(354,60),
(355,61),
(356,62),
(357,63),
(358,64),
(359,65),
(360,65),
(361,53),
(362,54),
(363,55),
(364,56),
(365,57),
(366,58),
(367,59),
(368,60),
(369,61),
(370,62),
(371,63),
(372,64),
(373,65),
(374,65),
(375,53),
(376,54),
(377,55),
(378,56),
(379,57),
(380,58),
(381,59),
(382,60),
(383,61),
(384,62),
(385,63),
(386,64),
(387,65),
(388,63),
(389,64),
(390,65),
(391,65),
(392,53),
(393,54),
(394,55),
(395,56),
(396,57),
(397,58),
(398,59),
(399,60);


 INSERT INTO "tl_hab_projet" ("id_habilitation", "id_projet") VALUES
(400,50),
(401,51),
(402,52),
(403,53),
(404,54),
(405,55),
(406,56),
(407,57),
(408,58),
(409,59),
(410,60),
(411,61),
(412,62),
(413,63),
(414,64),
(415,65),
(416,66),
(418,67),
(419,50),
(420,51),
(421,52),
(422,53),
(423,54),
(424,55),
(425,56),
(426,57),
(427,58),
(428,59),
(429,60),
(430,61),
(431,62),
(432,63),
(433,64),
(434,65);




INSERT INTO "tg_mc_libre" ("id_mc_libre", "id_projet", "lb_nom", "lb_nom_en") VALUES
(1,	1,	'"Lorem ipsum dolor sit amet, consectetur adipiscin',	'"Lorem ipsum dolor sit amet, consectetur adipiscin'),
(2,	9,	'terme fr',	'terme en');

SELECT SETVAL('tg_mc_libre_id_mc_libre_seq',10);

INSERT INTO "tg_affectation" ("id_affectation", "id_profil", "id_st_affect", "cd_sts_evaluation", "id_projet", "id_personne", "cd_sollicitation", "id_type", "id_propose", "lb_cause", "bl_new_modif", "bl_doc_telecharge", "dh_echeance", "txt_commentaire") VALUES
(33,	18,	1,	NULL,	9,	3,	NULL,	NULL,	NULL,	NULL,	'f',	'f',	NULL,	NULL),
(34,	18,	1,	NULL,	16,	29,	NULL,	NULL,	NULL,	NULL,	'f',	'f',	NULL,	NULL),
(47,	17,	2,	NULL,	3,	38,	NULL,	NULL,	NULL,	NULL,	'f',	'f',	NULL,	NULL),
(48,	17,	2,	NULL,	10,	28,	NULL,	NULL,	NULL,	NULL,	'f',	'f',	NULL,	NULL),
(49,	18,	1,	NULL,	10,	39,	NULL,	NULL,	NULL,	NULL,	'f',	'f',	NULL,	NULL),
(50,	NULL,	4,	NULL,	10,	36,	NULL,	NULL,	NULL,	NULL,	'f',	'f',	NULL,	NULL),
(51,	18,	1,	NULL,	7,	36,	NULL,	NULL,	NULL,	NULL,	'f',	'f',	NULL,	NULL),
(52,	17,	2,	NULL,	1,	38,	NULL,	NULL,	NULL,	NULL,	'f',	'f',	NULL,	NULL);


INSERT INTO public.tg_affectation (id_affectation, id_profil, id_st_affect, cd_sts_evaluation, id_projet, id_personne, cd_sollicitation, id_type, id_propose, lb_cause, bl_new_modif, bl_doc_telecharge, dh_echeance, txt_commentaire) VALUES
 (884, 18, 1, null, 1, 603, null, null, null, null, false, false, null, null),
 (885, 18, 1, null, 50, 28, null, null, null, null, false, false, null, null),
 (886, 17, 2, null, 50, 608, null, null, null, null, false, false, null, null),
 (887, 18, 1, null, 51, 38, null, null, null, null, false, false, null, null),
 (888, 17, 2, null, 51, 617, null, null, null, null, false, false, null, null),
 (889, 17, 2, null, 52, 604, null, null, null, null, false, false, null, null),
 (890, 18, 1, null, 52, 624, null, null, null, null, false, false, null, null),
 (891, 18, 1, null, 53, 628, null, null, null, null, false, false, null, null),
 (892, 18, 1, null, 53, 607, null, null, null, null, false, false, null, null),
 (893, 17, 2, null, 54, 28, null, null, null, null, false, false, null, null),
 (894, 18, 1, null, 54, 623, null, null, null, null, false, false, null, null),
 (895, 18, 1, null, 55, 605, null, null, null, null, false, false, null, null),
 (896, 17, 2, null, 55, 38, null, null, null, null, false, false, null, null),
 (897, 18, 1, null, 56, 625, null, null, null, null, false, false, null, null),
 (898, 17, 2, null, 56, 620, null, null, null, null, false, false, null, null),
 (899, 18, 1, null, 57, 602, null, null, null, null, false, false, null, null),
 (900, 17, 2, null, 57, 36, null, null, null, null, false, false, null, null),
 (901, 18, 1, null, 58, 606, null, null, null, null, false, false, null, null),
 (902, 17, 2, null, 58, 600, null, null, null, null, false, false, null, null),
 (903, 18, 1, null, 59, 610, null, null, null, null, false, false, null, null),
 (904, 17, 2, null, 59, 28, null, null, null, null, false, false, null, null),
 (905, 17, 2, null, 59, 624, null, null, null, null, false, false, null, null),
 (906, 17, 2, null, 59, 632, null, null, null, null, false, false, null, null),
 (907, 18, 1, null, 60, 613, null, null, null, null, false, false, null, null),
 (908, 18, 1, null, 61, 28, null, null, null, null, false, false, null, null),
 (909, 18, 1, null, 61, 609, null, null, null, null, false, false, null, null),
 (910, 18, 1, null, 61, 612, null, null, null, null, false, false, null, null),
 (911, 17, 2, null, 62, 627, null, null, null, null, false, false, null, null),
 (912, 18, 1, null, 62, 633, null, null, null, null, false, false, null, null),
 (913, 17, 2, null, 63, 601, null, null, null, null, false, false, null, null),
 (914, 18, 1, null, 63, 613, null, null, null, null, false, false, null, null),
 (915, 17, 2, null, 64, 615, null, null, null, null, false, false, null, null),
 (916, 18, 1, null, 64, 603, null, null, null, null, false, false, null, null),
 (917, 17, 2, null, 65, 609, null, null, null, null, false, false, null, null),
 (918, 18, 1, null, 65, 619, null, null, null, null, false, false, null, null),
 (919, 17, 2, null, 66, 618, null, null, null, null, false, false, null, null),
 (920, 18, 1, null, 66, 36, null, null, null, null, false, false, null, null),
 (921, 17, 2, null, 67, 605, null, null, null, null, false, false, null, null),
 (922, 17, 2, null, 67, 628, null, null, null, null, false, false, null, null),
 (923, 18, 1, null, 67, 616, null, null, null, null, false, false, null, null),
 (924, 17, 2, null, 67, 604, null, null, null, null, false, false, null, null),
 (925, 18, 1, null, 67, 621, null, null, null, null, false, false, null, null),
 (926, 17, 2, null, 67, 607, null, null, null, null, false, false, null, null);

INSERT INTO "tg_affectation" ("id_affectation", "id_profil", "id_st_affect", "cd_sts_evaluation", "id_projet", "id_personne", "cd_sollicitation", "id_type", "id_propose", "lb_cause", "bl_new_modif", "bl_doc_telecharge", "dh_echeance", "txt_commentaire") VALUES

(1199,	16,	5,	NULL,	50,500,	NULL,	NULL,603,	NULL,	'f',	'f',	NULL,	NULL),
(1200,	16,	5,	NULL,	51,501,	NULL,	NULL,28,	NULL,	'f',	'f',	NULL,	NULL),
(1201,	16,	5,	NULL,	52,502,	NULL,	NULL,608,	NULL,	'f',	'f',	NULL,	NULL),
(1202,	16,	5,	NULL,	53,503,	NULL,	NULL,38,	NULL,	'f',	'f',	NULL,	NULL),
(1203,	16,	5,	NULL,	54,504,	NULL,	NULL,617,	NULL,	'f',	'f',	NULL,	NULL),
(1204,	16,	5,	NULL,	55,505,	NULL,	NULL,604,	NULL,	'f',	'f',	NULL,	NULL),
(1205,	16,	5,	NULL,	56,506,	NULL,	NULL,624,	NULL,	'f',	'f',	NULL,	NULL),
(1206,	16,	5,	NULL,	57,507,	NULL,	NULL,628,	NULL,	'f',	'f',	NULL,	NULL),
(1207,	16,	5,	NULL,	58,508,	NULL,	NULL,607,	NULL,	'f',	'f',	NULL,	NULL),
(1208,	16,	5,	NULL,	59,509,	NULL,	NULL,28,	NULL,	'f',	'f',	NULL,	NULL),
(1209,	16,	5,	NULL,	60,510,	NULL,	NULL,623,	NULL,	'f',	'f',	NULL,	NULL),
(1210,	16,	5,	NULL,	61,511,	NULL,	NULL,605,	NULL,	'f',	'f',	NULL,	NULL),
(1211,	16,	5,	NULL,	62,512,	NULL,	NULL,38,	NULL,	'f',	'f',	NULL,	NULL),
(1212,	16,	5,	NULL,	63,513,	NULL,	NULL,625,	NULL,	'f',	'f',	NULL,	NULL),
(1213,	16,	5,	NULL,	64,514,	NULL,	NULL,620,	NULL,	'f',	'f',	NULL,	NULL),
(1214,	16,	5,	NULL,	65,515,	NULL,	NULL,602,	NULL,	'f',	'f',	NULL,	NULL),
(1215,	16,	5,	NULL,	66,516,	NULL,	NULL,36,	NULL,	'f',	'f',	NULL,	NULL),
(1216,	16,	5,	NULL,	67,517,	NULL,	NULL,606,	NULL,	'f',	'f',	NULL,	NULL),
(1217,	16,	5,	NULL,	50,518,	NULL,	NULL,600,	NULL,	'f',	'f',	NULL,	NULL),
(1218,	16,	5,	NULL,	51,519,	NULL,	NULL,610,	NULL,	'f',	'f',	NULL,	NULL),
(1219,	16,	5,	NULL,	52,520,	NULL,	NULL,28,	NULL,	'f',	'f',	NULL,	NULL),
(1220,	16,	5,	NULL,	53,521,	NULL,	NULL,624,	NULL,	'f',	'f',	NULL,	NULL),
(1221,	16,	5,	NULL,	54,522,	NULL,	NULL,632,	NULL,	'f',	'f',	NULL,	NULL),
(1222,	16,	5,	NULL,	55,523,	NULL,	NULL,613,	NULL,	'f',	'f',	NULL,	NULL),
(1223,	16,	5,	NULL,	56,524,	NULL,	NULL,28,	NULL,	'f',	'f',	NULL,	NULL),
(1224,	16,	5,	NULL,	57,525,	NULL,	NULL,609,	NULL,	'f',	'f',	NULL,	NULL),
(1225,	16,	5,	NULL,	58,526,	NULL,	NULL,612,	NULL,	'f',	'f',	NULL,	NULL),
(1226,	16,	5,	NULL,	59,527,	NULL,	NULL,627,	NULL,	'f',	'f',	NULL,	NULL),
(1227,	16,	5,	NULL,	60,528,	NULL,	NULL,633,	NULL,	'f',	'f',	NULL,	NULL),
(1228,	16,	5,	NULL,	61,529,	NULL,	NULL,601,	NULL,	'f',	'f',	NULL,	NULL),
(1229,	16,	5,	NULL,	62,530,	NULL,	NULL,613,	NULL,	'f',	'f',	NULL,	NULL),
(1230,	16,	5,	NULL,	63,531,	NULL,	NULL,615,	NULL,	'f',	'f',	NULL,	NULL),
(1231,	16,	5,	NULL,	64,532,	NULL,	NULL,603,	NULL,	'f',	'f',	NULL,	NULL),
(1232,	16,	5,	NULL,	65,533,	NULL,	NULL,603,	NULL,	'f',	'f',	NULL,	NULL),
(1233,	16,	5,	NULL,	53,534,	NULL,	NULL,28,	NULL,	'f',	'f',	NULL,	NULL),
(1234,	16,	5,	NULL,	54,535,	NULL,	NULL,608,	NULL,	'f',	'f',	NULL,	NULL),
(1235,	16,	5,	NULL,	55,536,	NULL,	NULL,38,	NULL,	'f',	'f',	NULL,	NULL),
(1236,	16,	5,	NULL,	56,537,	NULL,	NULL,617,	NULL,	'f',	'f',	NULL,	NULL),
(1237,	16,	5,	NULL,	57,538,	NULL,	NULL,604,	NULL,	'f',	'f',	NULL,	NULL),
(1238,	16,	5,	NULL,	58,539,	NULL,	NULL,624,	NULL,	'f',	'f',	NULL,	NULL),
(1239,	16,	5,	NULL,	59,540,	NULL,	NULL,628,	NULL,	'f',	'f',	NULL,	NULL),
(1240,	16,	5,	NULL,	60,541,	NULL,	NULL,607,	NULL,	'f',	'f',	NULL,	NULL),
(1241,	16,	5,	NULL,	61,542,	NULL,	NULL,28,	NULL,	'f',	'f',	NULL,	NULL),
(1242,	16,	5,	NULL,	62,543,	NULL,	NULL,623,	NULL,	'f',	'f',	NULL,	NULL),
(1243,	16,	5,	NULL,	63,544,	NULL,	NULL,605,	NULL,	'f',	'f',	NULL,	NULL),
(1244,	16,	5,	NULL,	64,545,	NULL,	NULL,38,	NULL,	'f',	'f',	NULL,	NULL),
(1245,	16,	5,	NULL,	65,546,	NULL,	NULL,625,	NULL,	'f',	'f',	NULL,	NULL),
(1246,	16,	5,	NULL,	53,547,	NULL,	NULL,620,	NULL,	'f',	'f',	NULL,	NULL),
(1247,	16,	5,	NULL,	54,548,	NULL,	NULL,602,	NULL,	'f',	'f',	NULL,	NULL),
(1248,	16,	5,	NULL,	55,549,	NULL,	NULL,36,	NULL,	'f',	'f',	NULL,	NULL),
(1249,	16,	5,	NULL,	56,550,	NULL,	NULL,606,	NULL,	'f',	'f',	NULL,	NULL),
(1250,	16,	5,	NULL,	57,551,	NULL,	NULL,600,	NULL,	'f',	'f',	NULL,	NULL),
(1251,	16,	5,	NULL,	58,552,	NULL,	NULL,610,	NULL,	'f',	'f',	NULL,	NULL),
(1252,	16,	5,	NULL,	59,553,	NULL,	NULL,28,	NULL,	'f',	'f',	NULL,	NULL),
(1253,	16,	5,	NULL,	60,554,	NULL,	NULL,624,	NULL,	'f',	'f',	NULL,	NULL),
(1254,	16,	5,	NULL,	61,555,	NULL,	NULL,632,	NULL,	'f',	'f',	NULL,	NULL),
(1255,	16,	5,	NULL,	62,556,	NULL,	NULL,613,	NULL,	'f',	'f',	NULL,	NULL),
(1256,	16,	5,	NULL,	63,557,	NULL,	NULL,28,	NULL,	'f',	'f',	NULL,	NULL),
(1257,	16,	5,	NULL,	64,558,	NULL,	NULL,609,	NULL,	'f',	'f',	NULL,	NULL),
(1258,	16,	5,	NULL,	65,559,	NULL,	NULL,612,	NULL,	'f',	'f',	NULL,	NULL),
(1259,	16,	5,	NULL,	65,560,	NULL,	NULL,627,	NULL,	'f',	'f',	NULL,	NULL),
(1260,	16,	5,	NULL,	53,561,	NULL,	NULL,633,	NULL,	'f',	'f',	NULL,	NULL),
(1261,	16,	5,	NULL,	54,562,	NULL,	NULL,601,	NULL,	'f',	'f',	NULL,	NULL),
(1262,	16,	5,	NULL,	55,563,	NULL,	NULL,613,	NULL,	'f',	'f',	NULL,	NULL),
(1263,	16,	5,	NULL,	56,564,	NULL,	NULL,615,	NULL,	'f',	'f',	NULL,	NULL),
(1264,	16,	5,	NULL,	57,565,	NULL,	NULL,603,	NULL,	'f',	'f',	NULL,	NULL),
(1265,	16,	5,	NULL,	58,566,	NULL,	NULL,609,	NULL,	'f',	'f',	NULL,	NULL),
(1266,	16,	5,	NULL,	59,567,	NULL,	NULL,619,	NULL,	'f',	'f',	NULL,	NULL),
(1267,	16,	5,	NULL,	60,568,	NULL,	NULL,618,	NULL,	'f',	'f',	NULL,	NULL),
(1268,	16,	5,	NULL,	61,569,	NULL,	NULL,36,	NULL,	'f',	'f',	NULL,	NULL),
(1269,	16,	5,	NULL,	62,570,	NULL,	NULL,605,	NULL,	'f',	'f',	NULL,	NULL),
(1270,	16,	5,	NULL,	63,571,	NULL,	NULL,628,	NULL,	'f',	'f',	NULL,	NULL),
(1271,	16,	5,	NULL,	64,572,	NULL,	NULL,616,	NULL,	'f',	'f',	NULL,	NULL),
(1272,	16,	5,	NULL,	65,573,	NULL,	NULL,604,	NULL,	'f',	'f',	NULL,	NULL),
(1273,	16,	5,	NULL,	65,574,	NULL,	NULL,621,	NULL,	'f',	'f',	NULL,	NULL),
(1274,	16,	5,	NULL,	53,575,	NULL,	NULL,607,	NULL,	'f',	'f',	NULL,	NULL),
(1275,	16,	5,	NULL,	54,576,	NULL,	NULL,603,	NULL,	'f',	'f',	NULL,	NULL),
(1276,	16,	5,	NULL,	55,577,	NULL,	NULL,28,	NULL,	'f',	'f',	NULL,	NULL),
(1277,	16,	5,	NULL,	56,578,	NULL,	NULL,608,	NULL,	'f',	'f',	NULL,	NULL),
(1278,	16,	5,	NULL,	57,579,	NULL,	NULL,38,	NULL,	'f',	'f',	NULL,	NULL),
(1279,	16,	5,	NULL,	58,580,	NULL,	NULL,617,	NULL,	'f',	'f',	NULL,	NULL),
(1280,	16,	5,	NULL,	59,581,	NULL,	NULL,604,	NULL,	'f',	'f',	NULL,	NULL),
(1281,	16,	5,	NULL,	60,582,	NULL,	NULL,624,	NULL,	'f',	'f',	NULL,	NULL),
(1282,	16,	5,	NULL,	61,583,	NULL,	NULL,628,	NULL,	'f',	'f',	NULL,	NULL),
(1283,	16,	5,	NULL,	62,584,	NULL,	NULL,607,	NULL,	'f',	'f',	NULL,	NULL),
(1284,	16,	5,	NULL,	63,585,	NULL,	NULL,28,	NULL,	'f',	'f',	NULL,	NULL),
(1285,	16,	5,	NULL,	64,586,	NULL,	NULL,623,	NULL,	'f',	'f',	NULL,	NULL),
(1286,	16,	5,	NULL,	65,587,	NULL,	NULL,605,	NULL,	'f',	'f',	NULL,	NULL),
(1287,	16,	5,	NULL,	63,588,	NULL,	NULL,38,	NULL,	'f',	'f',	NULL,	NULL),
(1288,	16,	5,	NULL,	64,589,	NULL,	NULL,625,	NULL,	'f',	'f',	NULL,	NULL),
(1289,	16,	5,	NULL,	65,590,	NULL,	NULL,620,	NULL,	'f',	'f',	NULL,	NULL),
(1290,	16,	5,	NULL,	65,591,	NULL,	NULL,602,	NULL,	'f',	'f',	NULL,	NULL),
(1291,	16,	5,	NULL,	53,592,	NULL,	NULL,36,	NULL,	'f',	'f',	NULL,	NULL),
(1292,	16,	5,	NULL,	54,593,	NULL,	NULL,606,	NULL,	'f',	'f',	NULL,	NULL),
(1293,	16,	5,	NULL,	55,594,	NULL,	NULL,600,	NULL,	'f',	'f',	NULL,	NULL),
(1294,	16,	5,	NULL,	56,595,	NULL,	NULL,610,	NULL,	'f',	'f',	NULL,	NULL),
(1295,	16,	5,	NULL,	57,596,	NULL,	NULL,28,	NULL,	'f',	'f',	NULL,	NULL),
(1296,	16,	5,	NULL,	58,597,	NULL,	NULL,624,	NULL,	'f',	'f',	NULL,	NULL),
(1297,	16,	5,	NULL,	59,598,	NULL,	NULL,632,	NULL,	'f',	'f',	NULL,	NULL),
(1298,	16,	5,	NULL,	60,599,	NULL,	NULL,613,	NULL,	'f',	'f',	NULL,	NULL);

SELECT SETVAL('tg_affectation_id_affectation_seq',1300);

SELECT SETVAL('tg_coordination_proj_id_coordination_seq',50);

INSERT INTO "tg_non_souhaite" ("id_non_souhaite", "lb_nom_fr", "lb_prenom", "organisme", "lb_courriel", "lb_motif") VALUES
(1,	'Expert Ad',	'Expert Ad',	'Expert labor',	'adlen@free.fr',	''),
(2,	'nom desalloue',	'prenom',	'nom complet labo',	'ecatoire59@hotmail.com',	'');

SELECT SETVAL('tg_non_souhaite_id_non_souhaite_seq',10);

INSERT INTO "tg_parametre" ("id_parametre", "id_appel", "lb_code", "lb_valeur") VALUES
(1,	NULL,	'NB_MC_LIBRE_CV_MAX',	'5'),
(2,	NULL,	'NB_MC_ERC_CV_MAX',	'3'),
(3,	1,	'FMT_DOC_SC',	'PDF'),
(4,	1,	'NB_PAGES_MAX',	'3'),
(5,	1,	'FMT_AN_PRE_PROPOSOTI',	'pdf'),
(6,	1,	'TAILLE_FIC_AN_MAX',	'10'),
(7,	1,	'NB_PAGES_AN_MAX',	'5'),
(8,	1,	'NB_CAR_MAX_FR',	'1000'),
(9,	1,	'TAILLE_FIC_MAX',	'10'),
(10,	1,	'NB_CAR_MAX_EN',	'1000'),
(11,	1,	'NB_CO_FI_RECH_MAX',	'3'),
(12,	1,	'NB_MC_CES_MAX',	'3'),
(13,	1,	'NB_POL_COMP_MAX',	'4'),
(14,	1,	'NB_STRUCT_RECH_MAX',	'4'),
(15,	1,	'NB_MC_ERC_MAX',	'4'),
(16,	2,	'FMT_DOC_SC',	'PDF'),
(17,	2,	'NB_PAGES_MAX',	'3'),
(18,	2,	'FMT_AN_PRE_PROPOSOTI',	'pdf'),
(19,	2,	'TAILLE_FIC_AN_MAX',	'10'),
(20,	2,	'NB_PAGES_AN_MAX',	'5'),
(21,	2,	'NB_CAR_MAX_FR',	'1000'),
(22,	2,	'TAILLE_FIC_MAX',	'10'),
(23,	2,	'NB_CAR_MAX_EN',	'1000'),
(24,	2,	'NB_CO_FI_RECH_MAX',	'3'),
(25,	2,	'NB_MC_CES_MAX',	'3'),
(26,	2,	'NB_POL_COMP_MAX',	'4'),
(27,	2,	'NB_STRUCT_RECH_MAX',	'4'),
(28,	2,	'NB_MC_ERC_MAX',	'4'),
(29,	3,	'FMT_DOC_SC',	'PDF'),
(30,	3,	'NB_PAGES_MAX',	'3'),
(31,	3,	'FMT_AN_PRE_PROPOSOTI',	'pdf'),
(32,	3,	'TAILLE_FIC_AN_MAX',	'10'),
(33,	3,	'NB_PAGES_AN_MAX',	'5'),
(34,	3,	'NB_CAR_MAX_FR',	'1000'),
(35,	3,	'TAILLE_FIC_MAX',	'10'),
(36,	3,	'NB_CAR_MAX_EN',	'1000'),
(37,	3,	'NB_CO_FI_RECH_MAX',	'3'),
(38,	3,	'NB_MC_CES_MAX',	'3'),
(39,	3,	'NB_POL_COMP_MAX',	'4'),
(40,	3,	'NB_STRUCT_RECH_MAX',	'4'),
(41,	3,	'NB_MC_ERC_MAX',	'4');

SELECT SETVAL('tg_parametre_id_parametre_seq',50);

INSERT INTO "tg_partenariat" ("id_partenaire", "id_cout_prv", "laboratoire", "typ_part", "dir_labo", "hebergeur", "rep_juridique", "resp_scient", "gest_adm", "id_projet", "tut_gest", "bl_actif", "lb_deleguation", "mnt_aide", "tx_aide", "tx_frais_env", "tx_frais_pers", "autres_dep") VALUES
(2,	NULL,	NULL,	'PUF',	75,NULL,	74,	NULL,	73,	2,	NULL,	NULL,	'',	NULL,	NULL,	NULL,	NULL,	NULL),
(11,	NULL,	NULL,	'ETR',	NULL,NULL,	NULL,	NULL,	NULL,	2,	NULL,	NULL,	NULL,	NULL,	NULL,	NULL,	NULL,	NULL),
(12,	NULL,	NULL,	'PUF',	117,NULL,	116,	NULL,	115,	3,	NULL,	NULL,	'',	NULL,	NULL,	NULL,	NULL,	NULL),
(13,	NULL,	NULL,	'PUF',	120,NULL,	119,	NULL,	118,	3,	NULL,	NULL,	'',	NULL,	NULL,	NULL,	NULL,	NULL),
(17,	NULL,	NULL,	'ETR',	NULL,NULL,	NULL,	NULL,	NULL,	9,	NULL,	NULL,	NULL,	NULL,	NULL,	NULL,	NULL,	NULL),
(23,	NULL,	NULL,	'ETR',	NULL,NULL,	NULL,	121,	NULL,	8,	NULL,	NULL,	NULL,	NULL,	NULL,	NULL,	NULL,	NULL),
(24,	NULL,	NULL,	'PUF',	160,NULL,	159,	NULL,	158,	8,	NULL,	NULL,	'',	263,	5,	5,	0,	0),
(9,	NULL,	NULL,	'PRF',	NULL,NULL,	113,	72,	72,	1,	NULL,	NULL,	NULL,	NULL,	NULL,	NULL,	NULL,	NULL),
(10,	NULL,	NULL,	'ETR',	NULL,NULL,	NULL,	72,	NULL,	1,	NULL,	NULL,	NULL,	NULL,	NULL,	NULL,	NULL,	NULL),
(25,	NULL,	NULL,	'PUF',	72,NULL,	169,	72,	72,	1,	NULL,	NULL,	'',	NULL,	NULL,	NULL,	NULL,	NULL),
(26,	NULL,	NULL,	'PUF',	176,NULL,	173,	NULL,	175,	12,	NULL,	NULL,	'',	NULL,	NULL,	NULL,	NULL,	NULL),
(28,	NULL,	NULL,	'ETR',	NULL,NULL,	NULL,	NULL,	NULL,	9,	NULL,	NULL,	NULL,	NULL,	NULL,	NULL,	NULL,	NULL),
(29,	NULL,	NULL,	'PRF',	NULL,NULL,	182,	NULL,	181,	9,	NULL,	NULL,	NULL,	NULL,	NULL,	NULL,	NULL,	NULL),
(30,	NULL,	NULL,	'PUF',	187,NULL,	186,	NULL,	185,	15,	NULL,	NULL,	'',	NULL,	NULL,	NULL,	NULL,	NULL),
(31,	NULL,	NULL,	'PUF',	190,NULL,	189,	NULL,	188,	16,	NULL,	NULL,	'',	NULL,	NULL,	NULL,	NULL,	NULL),
(32,	NULL,	NULL,	'ETR',	NULL,NULL,	NULL,	191,	NULL,	16,	NULL,	NULL,	NULL,	NULL,	NULL,	NULL,	NULL,	NULL),
(33,	NULL,	NULL,	'ETR',	NULL,NULL,	NULL,	121,	NULL,	17,	NULL,	NULL,	NULL,	NULL,	NULL,	NULL,	NULL,	NULL),
(34,	NULL,	NULL,	'PUF',	216,NULL,	202,	207,	215,	18,	NULL,	NULL,	'Institut Pasteur Cayenne',	NULL,	NULL,	NULL,	NULL,	NULL);

SELECT SETVAL('tg_partenariat_id_partenaire_seq',50);

INSERT INTO "tg_participation" ("id_participation", "cd_etat_sollicitation", "id_phase_ref", "id_comite", "id_personne", "id_profil", "lb_groupe", "prio_grp", "bl_supprime", "quest_soum") VALUES
(2,	6,	1,	2,	2,	4,	NULL,	NULL,	1,	NULL),
(3,	6,	1,	3,	1,	4,	NULL,	NULL,	1,	NULL),
(12,	6,	1,	2,	3,	9,	NULL,	NULL,	1,	't'),
(15,	3,	1,	3,	37,	9,	NULL,	NULL,	1,	NULL),
(16,	3,	1,	2,	30,	9,	NULL,	NULL,	1,	NULL),
(10,	3,	1,	1,	1,	4,	NULL,	0,	1,	NULL),
(7,	3,	1,	1,	38,	9,	NULL,	1,	1,	't'),
(9,	3,	1,	1,	28,	9,	NULL,	3,	1,	't'),
(8,	3,	1,	1,	36,	9,	NULL,	4,	1,	't'),
(19,	3,	1,	1,	39,	9,	NULL,	NULL,	1,	NULL),
(20,	6,	1,	4,	38,	4,	NULL,	NULL,	1,	NULL),
(21,	3,	1,	4,	29,	9,	NULL,	NULL,	1,	NULL);

INSERT INTO public.tg_participation (id_participation, cd_etat_sollicitation, id_phase_ref, id_comite, id_personne, id_profil, lb_groupe, prio_grp, bl_supprime, quest_soum) VALUES
 (30, 3, 1, 1, 600, 9, null, 1, 1, true),
 (31, 3, 1, 1, 601, 9, null, 1, 1, true),
 (32, 3, 1, 1, 602, 9, null, 1, 1, true),
 (33, 3, 1, 1, 603, 9, null, 1, 1, true),
 (34, 3, 1, 1, 604, 9, null, 1, 1, true),
 (35, 3, 1, 1, 605, 9, null, 1, 1, true),
 (36, 3, 1, 1, 606, 9, null, 1, 1, true),
 (37, 3, 1, 1, 607, 9, null, 1, 1, true),
 (38, 3, 1, 1, 608, 9, null, 1, 1, true),
 (39, 3, 1, 1, 609, 9, null, 1, 1, true),
 (40, 3, 1, 1, 610, 9, null, 1, 1, true),
 (41, 3, 1, 1, 611, 9, null, 1, 1, true),
 (42, 3, 1, 1, 612, 9, null, 1, 1, true),
 (43, 3, 1, 1, 613, 9, null, 1, 1, true),
 (44, 3, 1, 1, 614, 9, null, 1, 1, true),
 (45, 3, 1, 1, 615, 9, null, 1, 1, true),
 (46, 3, 1, 1, 616, 9, null, 1, 1, true),
 (47, 3, 1, 1, 617, 9, null, 1, 1, true),
 (48, 3, 1, 1, 618, 9, null, 1, 1, true),
 (49, 3, 1, 1, 619, 9, null, 1, 1, true),
 (50, 3, 1, 1, 620, 9, null, 1, 1, true),
 (51, 3, 1, 1, 621, 9, null, 1, 1, true),
 (52, 3, 1, 1, 622, 9, null, 1, 1, true),
 (53, 3, 1, 1, 623, 9, null, 1, 1, true),
 (54, 3, 1, 1, 624, 9, null, 1, 1, true),
 (55, 3, 1, 1, 625, 9, null, 1, 1, true),
 (56, 3, 1, 1, 626, 9, null, 1, 1, true),
 (57, 3, 1, 1, 627, 9, null, 1, 1, true),
 (58, 3, 1, 1, 628, 9, null, 1, 1, true),
 (59, 3, 1, 1, 629, 9, null, 1, 1, true),
 (60, 3, 1, 1, 630, 9, null, 1, 1, true),
 (61, 3, 1, 1, 631, 9, null, 1, 1, true),
 (62, 3, 1, 1, 632, 9, null, 1, 1, true),
 (63, 3, 1, 1, 633, 9, null, 1, 1, true);


SELECT SETVAL('tg_participation_id_participation_seq',65);


INSERT INTO "tg_message" ("id_message", "destinataire", "emetteur", "id_comite", "id_participation", "dh_envoi", "texte") VALUES
(1,	1,	6,	1,	NULL,	'2020-06-11 18:26:28',	'"Lorem ipsum dolor sit amet, consectetur adipiscing elit, sed do eiusmod tempor incididunt ut labore'),
(2,	1,	6,	3,	NULL,	'2020-06-11 18:26:45',	'Test CE045 ok'),
(3,	12,	6,	2,	NULL,	'2020-06-11 18:28:24',	'Ok pour le comité'),
(4,	11,	11,	3,	3,	'2020-06-12 11:21:04',	'Ajouter des evaluateurs.'),
(5,	1,	1,	1,	10,	'2020-08-28 14:30:08',	'Test');

SELECT SETVAL('tg_message_id_message_seq',10);

INSERT INTO "tg_publication" ("id_publication", "lb_titre", "lb_justification") VALUES
(7,	'test',	'test'),
(8,	'test',	'test'),
(11,	'Bla bla',	'Parce que'),
(12,	'Re bla bla',	'Pourquoi pas ?'),
(13,	'titre 1',	' It is a long established fact that a reader will be distracted by the readable content of a page when looking at its layout. The point of using Lorem Ipsum is that it has a more-or-less normal distribution of letters, as opposed to using ''Content here, content here'', making it look like readable English. Many desktop publishing packages and web page editors now use Lorem Ipsum as their default model text, and a search for ''lorem ipsum'' will uncover many web sites still in their infancy. Various versions have evolved over the years, sometimes by accident, sometimes on purpose (injected humour and the like).'),
(34,	'2 - klhgjl',	'2W - ukvf'),
(35,	'3 - dfyvbjhvj54645',	'3W - uiofy'),
(36,	'4 - jhjgmjkwsdr',	'4W - jhlbhvjk'),
(37,	'5 - mlùjkfù',	'5W - 2
31khf
gh');

SELECT SETVAL('tg_publication_id_publication_seq',50);

INSERT INTO "tg_resume" ("id_projet", "id_langue", "lb_texte") VALUES
(1,	1,	'"Lorem ipsum dolor sit amet, consectetur adipiscing elit, sed do eiusmod tempor incididunt ut labore et dolore magna aliqua. Ut enim ad minim veniam, quis nostrud exercitation ullamco laboris nisi ut aliquip ex ea commodo consequat. Duis aute irure dolor in reprehenderit in voluptate velit esse cillum dolore eu fugiat nulla pariatur. Excepteur sint occaecat cupidatat non proident, sunt in culpa qui officia deserunt mollit anim id est laborum."'),
(1,	2,	'"Lorem ipsum dolor sit amet, consectetur adipiscing elit, sed do eiusmod tempor incididunt ut labore et dolore magna aliqua. Ut enim ad minim veniam, quis nostrud exercitation ullamco laboris nisi ut aliquip ex ea commodo consequat. Duis aute irure dolor in reprehenderit in voluptate velit esse cillum dolore eu fugiat nulla pariatur. Excepteur sint occaecat cupidatat non proident, sunt in culpa qui officia deserunt mollit anim id est laborum."'),
(9,	1,	'resume fr'),
(9,	2,	'resume en'),
(15,	1,	'voici mon résumé de test % ~é'),
(15,	2,	'in english'),
(16,	1,	''),
(16,	2,	''),
(13,	1,	''),
(13,	2,	''),
(18,	1,	'FR - Résumé test projet AMA01'),
(18,	2,	'EN - Résumé test projet AMA01');


INSERT INTO "tg_reunion" ("id_reunion", "id_type_reunion", "id_phase", "id_appel", "lb_titre", "tx_comment", "dt_deb_periode", "dt_fin_periode", "nb_duree_max", "bl_obligatoire", "bl_actif") VALUES
(1,	1,	1,	1,	'Réunion',	'"Lorem ipsum dolor sit amet, consectetur adipiscing elit, sed do eiusmod tempor incididunt ut labore et dolore magna aliqua. Ut enim ad minim veniam, quis nostrud exercitation ullamco laboris nisi ut aliquip ex ea commodo consequat. Duis aute irure dolor in reprehenderit in voluptate velit esse cillum dolore eu fugiat nulla pariatur. Excepteur sint occaecat cupidatat non proident, sunt in culpa qui officia deserunt mollit anim id est laborum."',	'2020-06-15',	'2020-06-21',	3,	't',	1),
(2,	1,	1,	1,	'Plénière',	'"Lorem ipsum dolor sit amet, consectetur adipiscing elit, sed do eiusmod tempor incididunt ut labore et dolore magna aliqua. Ut enim ad minim veniam, quis nostrud exercitation ullamco laboris nisi ut aliquip ex ea commodo consequat. Duis aute irure dolor in reprehenderit in voluptate velit esse cillum dolore eu fugiat nulla pariatur. Excepteur sint occaecat cupidatat non proident, sunt in culpa qui officia deserunt mollit anim id est laborum."',	'2020-06-22',	'2020-06-28',	2,	't',	1),
(3,	1,	1,	1,	'Réunion',	'test',	'2020-06-23',	'2020-06-27',	1,	't',	1);

SELECT SETVAL('tg_reunion_id_reunion_seq',10);

INSERT INTO "tg_seance" ("id_seance", "id_reunion", "id_comite", "matin", "apres_midi", "dt_seance") VALUES
(1,	1,	1,	't',	't',	'2020-06-16'),
(2,	1,	1,	't',	't',	'2020-06-17'),
(3,	1,	1,	't',	't',	'2020-06-18'),
(4,	2,	1,	't',	't',	'2020-06-22'),
(6,	1,	3,	't',	't',	'2020-06-19'),
(7,	2,	3,	'f',	't',	'2020-06-22'),
(8,	3,	1,	't',	'f',	'2020-06-24');

SELECT SETVAL('tg_seance_id_seance_seq',10);

INSERT INTO "tg_cout_prev" ("id_cout_prv", "id_partenaire", "mnt_pers_perm", "mnt_pers_perm_mois", "mnt_pers_np_nf", "mnt_pers_np_nf_mois", "mnt_pers_np", "mnt_pers_np_mois", "mnt_dech_ens", "mnt_dech_ens_mois", "mnt_inst_mat", "mnt_bat_ter", "mnt_prest", "mnt_frais_g") VALUES
(2,	24,	10000,	0,	5000,	0,	0,	0,	0,	0,	3000,	2000,	0,	0);

SELECT SETVAL('tg_cout_prev_id_cout_prv_seq',10);

INSERT INTO "tg_cv" ("id_cv", "id_personne", "id_fonction", "lb_fonction", "lb_autres_activites", "id_chercheur", "lb_arret_carriere", "diplome_academique", "dt_soutenance_de_these", "lb_distinction", "lb_valorisation") VALUES
(3,	12,	NULL,	NULL,	'J''ai dirigé un truc puis un autre. Et enfin un dernier.',	NULL,	NULL,	NULL,	NULL,	'fdsfd fs dfqs fsqd',	NULL),
(1,	54,	1,	NULL,	'Lorem Ipsum is simply dummy text of the printing and typesetting industry. Lorem Ipsum has been the industry''s standard dummy text ever since the 1500s, when an unknown printer took a galley of type and scrambled it to make a type specimen book. It has survived not only five centuries, but also the leap into electronic typesetting, remaining essentially unchanged. It was popularised in the 1960s with the release of Letraset sheets containing Lorem Ipsum passages, and more recently with desktop publishing software like Aldus PageMaker including versions of Lorem Ipsum.',	NULL,	NULL,	'Lorem Ipsum is simply dummy text of the printing and typesetting industry. Lorem Ipsum has been the industry''s standard dummy text ever since the 1500s, when an unknown printer took a galley of type and scrambled it to make a type specimen book. It has survived not only five centuries, but also the leap into electronic typesetting, remaining essentially unchanged. It was popularised in the 1960s with the release of Letraset sheets containing Lorem Ipsum passages, and more recently with desktop publishing software like Aldus PageMaker including versions of Lorem Ipsum.',	'2020-01-01',	'Lorem Ipsum is simply dummy text of the printing and typesetting industry. Lorem Ipsum has been the industry''s standard dummy text ever since the 1500s, when an unknown printer took a galley of type and scrambled it to make a type specimen book. It has survived not only five centuries, but also the leap into electronic typesetting, remaining essentially unchanged. It was popularised in the 1960s with the release of Letraset sheets containing Lorem Ipsum passages, and more recently with desktop publishing software like Aldus PageMaker including versions of Lorem Ipsum.',	'It is a long established fact that a reader will be distracted by the readable content of a page when looking at its layout. The point of using Lorem Ipsum is that it has a more-or-less normal distribution of letters, as opposed to using ''Content here, content here'', making it look like readable English. Many desktop publishing packages and web page editors now use Lorem Ipsum as their default model text, and a search for ''lorem ipsum'' will uncover many web sites still in their infancy. Various versions have evolved over the years, sometimes by accident, sometimes on purpose (injected humour and the like).'),
(2,	4,	2,	NULL,	'test
trs',	'test',	NULL,	'Lorem Ipsum is simply dummy text of the printing and typesetting industry. Lorem Ipsum has been the industry''s standard dummy text ever since the 1500s, when an unknown printer took a galley of type and scrambled it to make a type specimen book. It has survived not only five centuries, but also the leap into electronic typesetting, remaining essentially unchanged. It was popularised in the 1960s with the release of Letraset sheets containing Lorem Ipsum passages, and more recently with desktop publishing software like Aldus PageMaker including versions of Lorem Ipsum Lorem Ipsum is simply dummy text of the printing and typesetting industry. Lorem Ipsum has been the industry''s standard dummy text ever since the 1500s, when an unknown printer took a galley of type and scrambled it to make a type specimen book. It has survived not only five centuries, but also the leap into electronic typesetting, remaining essentially unchanged. It was popularised in the 1960s with the release of Letra',	'2020-02-01',	'Lorem Ipsum is simply dummy text of the printing and typesetting industry. Lorem Ipsum has been the industry''s 8not only five centuries, but also the leap into electronic typesetting, remaining essentially unchanged. It was popularised in the 1960s with the release of Letraset sheets containing Lorem Ipsum passages, and more recently with desktop publishing software like Aldus PageMaker including versions of Lorem Ipsum.Lorem Ipsum is simply dummy text of the printing and typesetting industry. Lorem Ipsum has been the industry''s standard dummy text ever since the 1500s, when an unknown printer took a galley of type and scrambled it to make a type specimen book. It has survived not only five centuries, but also the leap into electronic typesetting, remaining essentially unchanged. It was popularised in the 1960s with the release of Letraset sheets containing Lorem Ipsum passages, and more recently with desktop publishing software like Aldus PageMaker including versions of Lorem Ipsum.',	'Lorem Ipsum is simply dummy text of the printing and typesetting industry. Lorem Ipsum has been the industry''s standard dummy text ever since the 1500s, when an unknown printer took a galley of type and scrambled it to make a type specimen book. It has survived not only five centuries, but also the leap into electronic typesetting, remaining essentially unchanged. It was popularised in the 1960s with the release of Letraset sheets containing Lorem Ipsum passages, and more recently with desktop publishing software like Aldus PageMaker including versions of Lorem IpsumLorem Ipsum is simply dummy text of the printing and typesetting industry. Lorem Ipsum has been the industry''s standard dummy text ever since the 1500s, when an unknown printer took a galley of type and scrambled it to make a type specimen book. It has survived not only five centuries, but also the leap into electronic typesetting, remaining essentially unchanged. It was popularised in the 1960s with the release of Letrajjj'),
(4,	38,	1,	NULL,	'FR - Lorem ipsum dolor sit amet, consectetur adipiscing elit. Donec eget ligula eget massa condimentum aliquet sit amet sit amet mi. Nullam eu tortor non purus gravida bibendum sed vel tellus. Nullam ltesttis est dignissim quam mattis efficitur. Aliquam at turpis et lorem convallis commodo. Curabitur dapibus diam vitae pellentesque lobortis. Nulla facilisi. Aenean elementum maximus blandit. Integer sit amet pulvinar est. Donec eu mi mi.

Suspendisse iaculis orci sit amet egestas semper. Aliquam dapibus hendrerit dolor, eu aliquam mi sodales accumsan. Aenean lobortis laoreet nibh. Curabitur massa, consectetur et orci aliquam, interdum posuere ex. Nulla euismod at velit ac interdum. Integer vitae velit vel nisl elementum varius non sed diam. Fusce varius porttitor mi. Proin massa sem, tristique eget erat vel, semper eleifend odio. Duis dapibus diam id ante iaculis, non laoreet nulla viverra.

Phasellus nec mi odio. Nunc sit amet molestie ligula. Vestibulum nec nisl posuere, venenatis est',	'IdChercheurANR1',	NULL,	'FORM SUP - ipsum dolor sit amet, consectetur adipiscing elit. Donec eget ligula eget massa condimentum aliquet sit amet sit amet mi. Nullam eu tortor non purus gravida bibendum sed vel tellus. Nullam lobortis est dignissim quam mattis efficitur. Aliquam at turpis et lorem convallis commodo. Curabitur dapibus diam vitae pellentesque lobortis. Nulla facilisi. Aenean elementum maximus blandit. Integer sit amet pulvinar est. Donec eu mi mi.

Suspendisse iaculis orci sit amet egestas semper. Aliquam dapibus hendrerit dolor, eu aliquam mi sodales accumsan. Aenean lobortis laoreet nibh. Curabitur massa, consectetur et orci aliquam, interdum posuere ex. Nulla euismod at velit ac interdum. Integer vitae velit vel nisl elementum varius non sed diam. Fusce varius porttitor mi. Proin massa sem, tristique eget erat vel, semper eleifend odio. Duis dapibus diam id ante iaculis, non laoreet nulla viverra.
Phasellus nec mi odio. Nunc sit amet molestie ligula. Vestibulum nec nisl posuere, venenatis 1000',	'2011-06-01',	'PROJET RECH - et dolor sit amet, consectetur adipiscing elit. Donec eget ligula eget massa condimentum aliquet sit amet sit amet mi. Nullam eu tortor non purus gravida bibendum sed vel tellus. Nullet lobortis est dignissim quam mattis efficitur. Aliquam at turpis et lorem convallis commodo. Curabitur dapibus diam vitae pellentesque lobortis. Nulla facilisi. Aenean elementum maximus blandit. Integer sit amet pulvinar est. Donec eu mi mi.

Suspendisse iaculis orci sit amet egestas semper. Aliquam dapibus hendrerit dolor, eu aliquam mi sodales accumsan. Aenean lobortis laoreet nibh. Curabitur massa, consectetur et orci aliquam, interdum posuere ex. Nulla euismod at velit ac interdum. Integer vitae velit vel nisl elementum varius non sed diam. Fusce varius porttitor mi. Proin massa sem, tristique eget erat vel, semper eleifend odio. Duis dapibus diam id ante iaculis, non laoreet nulla viverra.
Phasellus nec mi odio. Nunc sit amet molestie ligula. Vestibulum nec nisl posuere, venenatis 1000',	'VALORISATION - m dolor sit amet, consectetur adipiscing elit. Donec eget ligula eget massa condimentum aliquet sit amet sit amet mi. Nullam eu tortor non purus gravida bibendum sed vel tellus. Nullam lobortis est dignissim quam mattis efficitur. Aliquam at turpis et lorem convallis commodo. Curabitur dapibus diam vitae pellentesque lobortis. Nulla facilisi. Aenean elementum maximus blandit. Integer sit amet pulvinar est. Donec eu et mi.

Suspendisse iaculis orci sit amet egestas semper. Aliquam dapibus hendrerit dolor, eu aliquam mi sodales accumsan. Aenean lobortis laoreet nibh. Curabitur massa, consectetur et orci aliquam, interdum posuere ex. Nulla euismod at velit ac interdum. Integer vitae velit vel nisl elementum varius non sed diam. Fusce varius porttitor mi. Proin massa sem, tristique eget erat vel, semper eleifend odio. Duis dapibus diam id ante iaculis, non laoreet nulla viverra.
Phasellus nec mi odio. Nunc sit amet molestie ligula. Vestibulum nec nisl posuere, venenatis 1000');

SELECT SETVAL('tg_cv_id_cv_seq',10);

INSERT INTO "tg_dispo_exp" ("id_appel", "id_personne", "id_choix_expert") VALUES
(1,	54,	'2'),
(2,	4,	'2'),
(2,	38,	'1');

INSERT INTO "tg_document" ("id_doc", "id_type_doc", "id_projet", "id_langue", "id_phase", "lb_nom_fichier") VALUES
(2,	2,	1,	NULL,	1,	'Proto - Suivi évaluations-5ee25e503abac.pdf'),
(4,	2,	9,	NULL,	1,	'synthese_soumission-5eea2abe68398.pdf'),
(3,	1,	9,	2,	1,	'synthese_soumission-5eeb2a20f10bc.pdf'),
(6,	1,	10,	1,	1,	'Proto - Suivi évaluations-5eeb67329377b.pdf'),
(5,	1,	8,	2,	1,	'ef1710en-5eeca3c535790.pdf'),
(1,	1,	1,	2,	1,	'Proto - Suivi évaluations-5eeca8d7644c7.pdf'),
(7,	1,	1,	NULL,	2,	NULL),
(8,	1,	13,	1,	3,	'Proto - Suivi évaluations-5ef4a20c58370.pdf'),
(9,	1,	12,	1,	3,	'IMSLP56528-PMLP06399-Bach--5ef4bd37c88fb.pdf'),
(14,	1,	17,	NULL,	1,	'IMSLP56528-PMLP06399-Bach-BWV0243.Violin2-5f0eb938b3dd9.pdf'),
(15,	2,	13,	NULL,	3,	'Font-Awesome-Cheetsheet-4.5.0-5f4687f6b9842.pdf'),
(17,	2,	18,	NULL,	1,	'TEST DOC PDF.pdf-5f55f58544797.pdf'),
(16,	1,	18,	1,	1,	'TEST DOC PDF.pdf-5f5600f5172a8.pdf');

SELECT SETVAL('tg_document_id_doc_seq',20);

INSERT INTO "tl_avis_possibles" ("cd_avis", "id_comite", "pourcent_max", "pourcent_min") VALUES
(5,	1,	100,	10),
(5,	3,	100,	10),
(1,	3,	NULL,	20),
(1,	2,	NULL,	20),
(2,	1,	NULL,	40),
(2,	2,	NULL,	40),
(2,	3,	NULL,	40),
(1,	1,	NULL,	20),
(3,	1,	60,	NULL),
(5,	2,	60,	NULL),
(3,	2,	60,	NULL),
(3,	3,	60,	NULL),
(4,	3,	60,	NULL),
(4,	2,	60,	NULL),
(4,	1,	60,	NULL),
(1,	4,	80,	30),
(2,	4,	90,	10),
(3,	4,	50,	0),
(4,	4,	80,	20),
(5,	4,	100,	10);

INSERT INTO "tl_avis_projet" ("id_projet", "id_personne", "cd_avis") VALUES
(9,	3,	1),
(16,	3,	5),
(16,	29,	1),
(9,	29,	5),
(3,	38,	2),
(1,	38,	4),
(10,	38,	5),
(7,	38,	1),
(3,	39,	4),
(1,	39,	3),
(10,	39,	1),
(7,	39,	4),
(3,	36,	3),
(1,	36,	5),
(10,	36,	4),
(7,	36,	1),
(3,	28,	4),
(1,	28,	3),
(10,	28,	1),
(7,	28,	3),
(3,	29,	2),
(1,	29,	3),
(10,	29,	4),
(7,	29,	1);

INSERT INTO "tl_bloc_form" ("id_formulaire", "id_bloc", "rang", "bloc_parent") VALUES
(1,	1,	1,	1),
(1,	2,	2,	2),
(1,	3,	3,	3),
(1,	4,	4,	4),
(1,	5,	5,	5),
(1,	6,	6,	6),
(1,	7,	7,	7),
(1,	8,	8,	8),
(1,	9,	9,	9),
(1,	10,	10,	10),
(1,	11,	11,	11),
(1,	12,	12,	12),
(1,	13,	13,	13),
(2,	1,	1,	1),
(2,	2,	2,	2),
(2,	3,	3,	3),
(2,	4,	4,	4),
(2,	7,	5,	7),
(2,	8,	6,	8),
(2,	9,	7,	9),
(2,	11,	8,	11),
(2,	12,	9,	12),
(2,	13,	10,	13);

INSERT INTO "tl_co_fi_proj" ("id_projet", "id_co_fi") VALUES
(1,	1),
(1,	3);

INSERT INTO "tl_comite_dep" ("id_comite", "id_departement") VALUES
(1,	1),
(2,	2),
(3,	2),
(4,	3);

INSERT INTO "tl_cv_publ" ("id_cv", "id_publication", "ordre") VALUES
(2,	7,	1),
(2,	8,	2),
(3,	11,	1),
(3,	12,	2),
(1,	13,	1),
(4,	34,	1),
(4,	35,	2),
(4,	36,	3),
(4,	37,	4);

INSERT INTO "tl_formulaire_appel" ("id_formulaire", "id_appel", "id_phase") VALUES
(1,	1,	1),
(1,	2,	3),
(1,	3,	6),
(1,	1,	2),
(1,	2,	4),
(1,	2,	5);

INSERT INTO "tl_hab_appel" ("id_appel", "id_habilitation") VALUES
(1,	6),
(3,	7),
(2,	6);

INSERT INTO "tl_hab_comite" ("id_comite", "id_habilitation") VALUES
(2,	11),
(2,	12),
(3,	8),
(3,	9),
(3,	13),
(1,	17),
(1,	32),
(1,	33),
(1,	8),
(1,	9),
(1,	10),
(2,	38),
(3,	40),
(2,	41),
(1,	16),
(4,	20),
(4,	39),
(4,	12),
(4,	9),
(4,	48);

INSERT INTO "tl_hab_phase" ("id_phase", "id_habilitation") VALUES
(1,	6),
(2,	6),
(6,	7),
(7,	7),
(3,	6),
(4,	6),
(5,	6),
(1,	17),
(1,	32),
(1,	33),
(1,	38),
(1,	40),
(1,	41),
(1,	16),
(1,	39);

INSERT INTO "tl_hab_projet" ("id_habilitation", "id_projet") VALUES
(18,	13),
(18,	18);

INSERT INTO "tl_infra_proj" ("id_projet", "id_inf_rech") VALUES
(1,	1),
(1,	2),
(1,	3),
(16,	2),
(16,	3),
(16,	4),
(16,	5);

INSERT INTO "tl_mc_erc_appel" ("id_appel", "id_mc_erc") VALUES
(1,	1),
(1,	2),
(1,	3),
(1,	4),
(1,	5),
(1,	6),
(1,	7),
(2,	1),
(2,	2),
(2,	3),
(2,	4),
(2,	5),
(2,	6),
(2,	7),
(3,	1),
(3,	2),
(3,	3),
(3,	4),
(3,	5),
(3,	6),
(3,	7);

INSERT INTO "tl_mc_erc_proj" ("id_projet", "id_mc_erc") VALUES
(1,	1),
(1,	2),
(1,	3),
(9,	3),
(9,	4),
(9,	5),
(9,	7),
(15,	2),
(15,	3),
(15,	4),
(15,	6),
(18,	1),
(18,	6);


INSERT INTO "tl_pers_part" ("id_partenaire", "id_personne") VALUES
(23,	121),
(9,	72),
(10,	72),
(25,	72),
(33,	121);

INSERT INTO "tl_personne_mc_erc" ("id_personne", "id_mc_erc", "ordre") VALUES
(54,	7,	1),
(54,	5,	2),
(54,	6,	3),
(4,	2,	1),
(4,	5,	2),
(4,	7,	3),
(38,	2,	1),
(38,	1,	2),
(38,	3,	3);

INSERT INTO "tl_pol_proj" ("id_projet", "id_pole_comp") VALUES
(1,	1),
(1,	3),
(1,	4),
(16,	3),
(18,	1);

INSERT INTO "tl_profil_classe" ("id_classe_formulaire", "id_profil") VALUES
(1,	15),
(2,	9),
(3,	9),
(4,	16),
(5,	15),
(6,	9);

INSERT INTO "tl_proj_mc_ces" ("id_projet", "id_mc_ces") VALUES
(1,	2),
(1,	3),
(9,	7),
(9,	10),
(16,	9),
(18,	17);

INSERT INTO "tl_proj_non_souhait" ("id_projet", "id_non_souhaite") VALUES
(1,	1),
(9,	2);

UPDATE  "tg_appel_proj"  SET "niveau_en_cours" = 16  where  "id_appel" =  3;
UPDATE  "tg_appel_proj"  SET "niveau_en_cours" =  7  where  "id_appel" =  2;
UPDATE  "tg_appel_proj"  SET "niveau_en_cours" = 1  where  "id_appel" =  1;

UPDATE "tg_personne" SET  "id_cv" = 4 WHERE id_personne = 38;
UPDATE "tg_personne" SET  "id_cv" = 1 WHERE id_personne = 54;
UPDATE "tg_personne" SET  "id_cv" = 2 WHERE id_personne = 4;

INSERT INTO "tr_sts_sollicitation"(cd_sollicitation, lb_description, action_sollicitation)
	VALUES ('SSR', 'Sans réponses', 'Sollicité sans réponses après relances');

INSERT INTO "tl_sts_evaluation" (id_sts_evaluation, cd_sts_evaluation, cd_sollicitation, color_hexa, ordre, ordre_affichage) VALUES (3, NULL, 'ACC', '99FF99', 5, 3);
INSERT INTO "tl_sts_evaluation" (id_sts_evaluation, cd_sts_evaluation, cd_sollicitation, color_hexa, ordre, ordre_affichage) VALUES (4, NULL, 'SOL', 'FFFF99', 2, 4);
INSERT INTO "tl_sts_evaluation" (id_sts_evaluation, cd_sts_evaluation, cd_sollicitation, color_hexa, ordre, ordre_affichage) VALUES (5, NULL, 'PRO', 'FFFFFF', 1, 5);
INSERT INTO "tl_sts_evaluation" (id_sts_evaluation, cd_sts_evaluation, cd_sollicitation, color_hexa, ordre, ordre_affichage) VALUES (6, NULL, 'SSR', 'FFCC99', 3, 6);
INSERT INTO "tl_sts_evaluation" (id_sts_evaluation, cd_sts_evaluation, cd_sollicitation, color_hexa, ordre, ordre_affichage) VALUES (7, NULL, 'RET', 'FFCC99', 4, 7);
INSERT INTO "tl_sts_evaluation" (id_sts_evaluation, cd_sts_evaluation, cd_sollicitation, color_hexa, ordre, ordre_affichage) VALUES (8, NULL, 'REF', 'FF9999', 4, 8);
INSERT INTO "tl_sts_evaluation" (id_sts_evaluation, cd_sts_evaluation, cd_sollicitation, color_hexa, ordre, ordre_affichage) VALUES (9, NULL, 'ENC', 'FF9999', 4, 9);
INSERT INTO "tl_sts_evaluation" (id_sts_evaluation, cd_sts_evaluation, cd_sollicitation, color_hexa, ordre, ordre_affichage) VALUES (1, 'SOM', NULL, '99CCFF', 7, 1);
INSERT INTO "tl_sts_evaluation" (id_sts_evaluation, cd_sts_evaluation, cd_sollicitation, color_hexa, ordre, ordre_affichage) VALUES (2, 'ENC', NULL, 'CCFFFF', 6, 2);
INSERT INTO "tl_sts_evaluation" (id_sts_evaluation, cd_sts_evaluation, cd_sollicitation, color_hexa, ordre, ordre_affichage) VALUES (10, 'AFR', NULL, 'FFFFFF', 1, NULL);

INSERT INTO "tr_criticite"(id_criticite, code_criticite, couleur_criticite)
    VALUES (1, 0, '#FFFFFF'), (2, 1, '#FF9999'), (3, 2, '#FFCC99'), (4, 3, '#FFFF99'), (5, 4, '#CCFFCC'), (6, 5, '#99FF99'), (7, 6, '#CCFFFF'), (8, 7, '#99CCFF');

UPDATE "tg_comite" SET nb_min_eval_soum=2, nb_min_eval_accept=3, dh_rendu_eval_rl='30/10/2020';

update "tg_affectation" set cd_sollicitation = 'PRO' where id_st_affect = 5 and id_affectation >= 1199 and id_affectation < 1221;
update "tg_affectation" set cd_sollicitation = 'SOL' where id_st_affect = 5 and id_affectation >= 1221 and id_affectation < 1239;
update "tg_affectation" set cd_sollicitation = 'SSR' where id_st_affect = 5 and id_affectation >= 1239 and id_affectation < 1251;
update "tg_affectation" set cd_sollicitation = 'RET' where id_st_affect = 5 and id_affectation >= 1251 and id_affectation < 1258;
update "tg_affectation" set cd_sollicitation = 'REF' where id_st_affect = 5 and id_affectation >= 1258 and id_affectation < 1263;
update "tg_affectation" set cd_sollicitation = 'ENC' where id_st_affect = 5 and id_affectation >= 1263 and id_affectation < 1268;
update "tg_affectation" set cd_sollicitation = 'ACC' where id_st_affect = 5 and id_affectation >= 1268;
update "tg_affectation" set cd_sts_evaluation = 'AFR' where id_st_affect = 5;
update "tg_affectation" set cd_sts_evaluation = 'ENC' where id_st_affect = 5 and cd_sollicitation = 'ACC' and id_affectation >= 1276 and id_affectation < 1289;
update "tg_affectation" set cd_sts_evaluation = 'SOM' where id_st_affect = 5 and cd_sollicitation = 'ACC' and id_affectation >= 1289;

INSERT INTO "tg_affectation"(id_affectation, id_profil, id_st_affect, cd_sts_evaluation, id_projet, id_personne, cd_sollicitation, id_propose)
	VALUES (1299, 16, 5, 'SOM', 65, 592, 'ACC', 606),(1300, 16, 5, 'SOM', 65, 593, 'ACC', 607);

UPDATE public.tg_affectation SET cd_sts_evaluation='SOM', cd_sollicitation='ACC' WHERE id_affectation= 917;
UPDATE public.tg_affectation SET cd_sts_evaluation='SOM', cd_sollicitation='ACC' WHERE id_affectation= 918;
UPDATE public.tg_affectation SET cd_sts_evaluation='SOM', cd_sollicitation='ACC' WHERE id_affectation= 903;
UPDATE public.tg_affectation SET cd_sts_evaluation='SOM', cd_sollicitation='ACC' WHERE id_affectation= 904;
UPDATE public.tg_affectation SET cd_sts_evaluation='SOM', cd_sollicitation='ACC' WHERE id_affectation= 905;
UPDATE public.tg_affectation SET cd_sts_evaluation='SOM', cd_sollicitation='ACC' WHERE id_affectation= 906;